#ifndef _AUTOSERVO_PARAM_H
#define _AUTOSERVO_PARAM_H

static const u8 autoservo_param_sancarlo[] = {
	0x00, 0x04, 0x33, 0x01, 0x33, 0x01, 0xe1, 0x00, 0x33, 0x01, 0xe1, 0x00,
	0x00, 0x04, 0x33, 0x01, 0x00, 0x04, 0x33, 0x01, 0x33, 0x01, 0x00, 0x04,
	0xff, 0xff, 0xff, 0xff, 0xff, 0xff, 0xff, 0xff, 0x00, 0x45, 0x00, 0x00,
	0x82, 0x16, 0x00, 0x00, 0xc8, 0x00, 0x00, 0x00, 0xff, 0xff, 0xff, 0x0f,
	0xff, 0xff, 0xff, 0x0f, 0xff, 0xff, 0xff, 0x0f, 0xff, 0xff, 0xff, 0x0f,
	0xff, 0xff, 0xff, 0x0f, 0xff, 0xff, 0xff, 0x0f, 0xff, 0xff, 0xff, 0x0f,
	0x00, 0x00, 0x00, 0x00, 0x00, 0x09, 0x00, 0x00, 0x00, 0x00, 0x0a, 0x00,
	0x00, 0x00, 0xd8, 0x00, 0x00, 0x64, 0x00, 0x00, 0x00, 0x00, 0x00, 0x00,
	0x00, 0x00, 0x00, 0x00, 0x00, 0x00, 0x00, 0x00, 0xff, 0xff, 0xff, 0xff,
	0xff, 0xff, 0xff, 0xff, 0x00, 0x48, 0x00, 0x00, 0xf4, 0x01, 0x00, 0x00,
	0x14, 0x00, 0x00, 0x00, 0xff, 0xff, 0xff, 0x0f, 0xff, 0xff, 0xff, 0x0f,
	0xff, 0xff, 0xff, 0x0f, 0xff, 0xff, 0xff, 0x0f, 0xff, 0xff, 0xff, 0x0f,
	0xff, 0xff, 0xff, 0x0f, 0xff, 0xff, 0xff, 0x0f, 0x00, 0x50, 0x00, 0x00,
	0x00, 0x09, 0x00, 0x00, 0x00, 0x00, 0x0a, 0x00, 0x00, 0x00, 0xd8, 0x00,
	0x00, 0x64, 0x00, 0x00, 0x00, 0x00, 0x00, 0x00, 0x00, 0x00, 0x00, 0x00,
	0x00, 0x00, 0x00, 0x00, 0xff, 0xff, 0xff, 0xff, 0xff, 0xff, 0xff, 0xff,
	0x00, 0x3b, 0x00, 0x00, 0x82, 0x16, 0x00, 0x00, 0x69, 0x00, 0x00, 0x00,
	0xff, 0xff, 0xff, 0x0f, 0xff, 0xff, 0xff, 0x0f, 0xff, 0xff, 0xff, 0x0f,
	0xff, 0xff, 0xff, 0x0f, 0xff, 0xff, 0xff, 0x0f, 0xff, 0xff, 0xff, 0x0f,
	0xff, 0xff, 0xff, 0x0f, 0x00, 0x50, 0x00, 0x00, 0x00, 0x09, 0x00, 0x00,
	0x00, 0x00, 0x0a, 0x00, 0x00, 0x00, 0xd8, 0x00, 0x00, 0x64, 0x00, 0x00,
	0x00, 0x00, 0x00, 0x00, 0x00, 0x00, 0x00, 0x00, 0x00, 0x00, 0x00, 0x00,
	0xff, 0xff, 0xff, 0xff, 0xff, 0xff, 0xff, 0xff, 0x00, 0x48, 0x00, 0x00,
	0xf4, 0x01, 0x00, 0x00, 0x14, 0x00, 0x00, 0x00, 0xff, 0xff, 0xff, 0x0f,
	0xff, 0xff, 0xff, 0x0f, 0xff, 0xff, 0xff, 0x0f, 0xff, 0xff, 0xff, 0x0f,
	0xff, 0xff, 0xff, 0x0f, 0xff, 0xff, 0xff, 0x0f, 0xff, 0xff, 0xff, 0x0f,
	0x00, 0x50, 0x00, 0x00, 0x00, 0x09, 0x00, 0x00, 0x00, 0x00, 0x0a, 0x00,
	0x00, 0x00, 0xd8, 0x00, 0x00, 0x64, 0x00, 0x00, 0x00, 0x00, 0x00, 0x00,
	0x00, 0x00, 0x00, 0x00, 0x00, 0x00, 0x00, 0x00, 0xff, 0xff, 0xff, 0xff,
	0xff, 0xff, 0xff, 0xff, 0x00, 0x04, 0x33, 0x01, 0x33, 0x01, 0xe1, 0x00,
	0x33, 0x01, 0xe1, 0x00, 0x00, 0x04, 0x33, 0x01, 0x00, 0x04, 0x33, 0x01,
	0x33, 0x01, 0x00, 0x04, 0xff, 0xff, 0xff, 0xff, 0xff, 0xff, 0xff, 0xff,
	0x00, 0x45, 0x00, 0x00, 0x82, 0x16, 0x00, 0x00, 0xc8, 0x00, 0x00, 0x00,
	0xff, 0xff, 0xff, 0x0f, 0xff, 0xff, 0xff, 0x0f, 0xff, 0xff, 0xff, 0x0f,
	0xff, 0xff, 0xff, 0x0f, 0xff, 0xff, 0xff, 0x0f, 0xff, 0xff, 0xff, 0x0f,
	0xff, 0xff, 0xff, 0x0f, 0x00, 0x00, 0x00, 0x00, 0x00, 0x09, 0x00, 0x00,
	0x00, 0x00, 0x0a, 0x00, 0x00, 0x00, 0xd8, 0x00, 0x00, 0x64, 0x00, 0x00,
	0x00, 0x00, 0x00, 0x00, 0x00, 0x00, 0x00, 0x00, 0x00, 0x00, 0x00, 0x00,
	0xff, 0xff, 0xff, 0xff, 0xff, 0xff, 0xff, 0xff, 0x00, 0x48, 0x00, 0x00,
	0xf4, 0x01, 0x00, 0x00, 0x14, 0x00, 0x00, 0x00, 0xff, 0xff, 0xff, 0x0f,
	0xff, 0xff, 0xff, 0x0f, 0xff, 0xff, 0xff, 0x0f, 0xff, 0xff, 0xff, 0x0f,
	0xff, 0xff, 0xff, 0x0f, 0xff, 0xff, 0xff, 0x0f, 0xff, 0xff, 0xff, 0x0f,
	0x00, 0x50, 0x00, 0x00, 0x00, 0x09, 0x00, 0x00, 0x00, 0x00, 0x0a, 0x00,
	0x00, 0x00, 0xd8, 0x00, 0x00, 0x64, 0x00, 0x00, 0x00, 0x00, 0x00, 0x00,
	0x00, 0x00, 0x00, 0x00, 0x00, 0x00, 0x00, 0x00, 0xff, 0xff, 0xff, 0xff,
	0xff, 0xff, 0xff, 0xff, 0x00, 0x3b, 0x00, 0x00, 0x82, 0x16, 0x00, 0x00,
	0x69, 0x00, 0x00, 0x00, 0xff, 0xff, 0xff, 0x0f, 0xff, 0xff, 0xff, 0x0f,
	0xff, 0xff, 0xff, 0x0f, 0xff, 0xff, 0xff, 0x0f, 0xff, 0xff, 0xff, 0x0f,
	0xff, 0xff, 0xff, 0x0f, 0xff, 0xff, 0xff, 0x0f, 0x00, 0x50, 0x00, 0x00,
	0x00, 0x09, 0x00, 0x00, 0x00, 0x00, 0x0a, 0x00, 0x00, 0x00, 0xd8, 0x00,
	0x00, 0x64, 0x00, 0x00, 0x00, 0x00, 0x00, 0x00, 0x00, 0x00, 0x00, 0x00,
	0x00, 0x00, 0x00, 0x00, 0xff, 0xff, 0xff, 0xff, 0xff, 0xff, 0xff, 0xff,
	0x00, 0x48, 0x00, 0x00, 0xf4, 0x01, 0x00, 0x00, 0x14, 0x00, 0x00, 0x00,
	0xff, 0xff, 0xff, 0x0f, 0xff, 0xff, 0xff, 0x0f, 0xff, 0xff, 0xff, 0x0f,
	0xff, 0xff, 0xff, 0x0f, 0xff, 0xff, 0xff, 0x0f, 0xff, 0xff, 0xff, 0x0f,
	0xff, 0xff, 0xff, 0x0f, 0x00, 0x50, 0x00, 0x00, 0x00, 0x09, 0x00, 0x00,
	0x00, 0x00, 0x0a, 0x00, 0x00, 0x00, 0xd8, 0x00, 0x00, 0x64, 0x00, 0x00,
	0x00, 0x00, 0x00, 0x00, 0x00, 0x00, 0x00, 0x00, 0x00, 0x00, 0x00, 0x00,
	0xff, 0xff, 0xff, 0xff, 0xff, 0xff, 0xff, 0xff, 0x00, 0x04, 0x33, 0x01,
	0x33, 0x01, 0xe1, 0x00, 0x33, 0x01, 0xe1, 0x00, 0x00, 0x04, 0x33, 0x01,
	0x00, 0x04, 0x33, 0x01, 0x33, 0x01, 0x00, 0x04, 0xff, 0xff, 0xff, 0xff,
	0xff, 0xff, 0xff, 0xff, 0x00, 0x45, 0x00, 0x00, 0x82, 0x16, 0x00, 0x00,
	0xc8, 0x00, 0x00, 0x00, 0xff, 0xff, 0xff, 0x0f, 0xff, 0xff, 0xff, 0x0f,
	0xff, 0xff, 0xff, 0x0f, 0xff, 0xff, 0xff, 0x0f, 0xff, 0xff, 0xff, 0x0f,
	0xff, 0xff, 0xff, 0x0f, 0xff, 0xff, 0xff, 0x0f, 0x00, 0x00, 0x00, 0x00,
	0x00, 0x09, 0x00, 0x00, 0x00, 0x00, 0x0a, 0x00, 0x00, 0x00, 0xd8, 0x00,
	0x00, 0x64, 0x00, 0x00, 0x00, 0x00, 0x00, 0x00, 0x00, 0x00, 0x00, 0x00,
	0x00, 0x00, 0x00, 0x00, 0xff, 0xff, 0xff, 0xff, 0xff, 0xff, 0xff, 0xff,
	0x00, 0x48, 0x00, 0x00, 0xf4, 0x01, 0x00, 0x00, 0x14, 0x00, 0x00, 0x00,
	0xff, 0xff, 0xff, 0x0f, 0xff, 0xff, 0xff, 0x0f, 0xff, 0xff, 0xff, 0x0f,
	0xff, 0xff, 0xff, 0x0f, 0xff, 0xff, 0xff, 0x0f, 0xff, 0xff, 0xff, 0x0f,
	0xff, 0xff, 0xff, 0x0f, 0x00, 0x50, 0x00, 0x00, 0x00, 0x09, 0x00, 0x00,
	0x00, 0x00, 0x0a, 0x00, 0x00, 0x00, 0xd8, 0x00, 0x00, 0x64, 0x00, 0x00,
	0x00, 0x00, 0x00, 0x00, 0x00, 0x00, 0x00, 0x00, 0x00, 0x00, 0x00, 0x00,
	0xff, 0xff, 0xff, 0xff, 0xff, 0xff, 0xff, 0xff, 0x00, 0x3b, 0x00, 0x00,
	0x82, 0x16, 0x00, 0x00, 0x69, 0x00, 0x00, 0x00, 0xff, 0xff, 0xff, 0x0f,
	0xff, 0xff, 0xff, 0x0f, 0xff, 0xff, 0xff, 0x0f, 0xff, 0xff, 0xff, 0x0f,
	0xff, 0xff, 0xff, 0x0f, 0xff, 0xff, 0xff, 0x0f, 0xff, 0xff, 0xff, 0x0f,
	0x00, 0x50, 0x00, 0x00, 0x00, 0x09, 0x00, 0x00, 0x00, 0x00, 0x0a, 0x00,
	0x00, 0x00, 0xd8, 0x00, 0x00, 0x64, 0x00, 0x00, 0x00, 0x00, 0x00, 0x00,
	0x00, 0x00, 0x00, 0x00, 0x00, 0x00, 0x00, 0x00, 0xff, 0xff, 0xff, 0xff,
	0xff, 0xff, 0xff, 0xff, 0x00, 0x48, 0x00, 0x00, 0xf4, 0x01, 0x00, 0x00,
	0x14, 0x00, 0x00, 0x00, 0xff, 0xff, 0xff, 0x0f, 0xff, 0xff, 0xff, 0x0f,
	0xff, 0xff, 0xff, 0x0f, 0xff, 0xff, 0xff, 0x0f, 0xff, 0xff, 0xff, 0x0f,
	0xff, 0xff, 0xff, 0x0f, 0xff, 0xff, 0xff, 0x0f, 0x00, 0x50, 0x00, 0x00,
	0x00, 0x09, 0x00, 0x00, 0x00, 0x00, 0x0a, 0x00, 0x00, 0x00, 0xd8, 0x00,
	0x00, 0x64, 0x00, 0x00, 0x00, 0x00, 0x00, 0x00, 0x00, 0x00, 0x00, 0x00,
	0x00, 0x00, 0x00, 0x00, 0xff, 0xff, 0xff, 0xff, 0xff, 0xff, 0xff, 0xff,
	0x00, 0x04, 0x33, 0x01, 0x33, 0x01, 0xe1, 0x00, 0x33, 0x01, 0xe1, 0x00,
	0x00, 0x04, 0x33, 0x01, 0x00, 0x04, 0x33, 0x01, 0x33, 0x01, 0x00, 0x04,
	0xff, 0xff, 0xff, 0xff, 0xff, 0xff, 0xff, 0xff, 0x00, 0x45, 0x00, 0x00,
	0x82, 0x16, 0x00, 0x00, 0xc8, 0x00, 0x00, 0x00, 0xff, 0xff, 0xff, 0x0f,
	0xff, 0xff, 0xff, 0x0f, 0xff, 0xff, 0xff, 0x0f, 0xff, 0xff, 0xff, 0x0f,
	0xff, 0xff, 0xff, 0x0f, 0xff, 0xff, 0xff, 0x0f, 0xff, 0xff, 0xff, 0x0f,
	0x00, 0x00, 0x00, 0x00, 0x00, 0x09, 0x00, 0x00, 0x00, 0x00, 0x0a, 0x00,
	0x00, 0x00, 0xd8, 0x00, 0x00, 0x64, 0x00, 0x00, 0x00, 0x00, 0x00, 0x00,
	0x00, 0x00, 0x00, 0x00, 0x00, 0x00, 0x00, 0x00, 0xff, 0xff, 0xff, 0xff,
	0xff, 0xff, 0xff, 0xff, 0x00, 0x48, 0x00, 0x00, 0xf4, 0x01, 0x00, 0x00,
	0x14, 0x00, 0x00, 0x00, 0xff, 0xff, 0xff, 0x0f, 0xff, 0xff, 0xff, 0x0f,
	0xff, 0xff, 0xff, 0x0f, 0xff, 0xff, 0xff, 0x0f, 0xff, 0xff, 0xff, 0x0f,
	0xff, 0xff, 0xff, 0x0f, 0xff, 0xff, 0xff, 0x0f, 0x00, 0x50, 0x00, 0x00,
	0x00, 0x09, 0x00, 0x00, 0x00, 0x00, 0x0a, 0x00, 0x00, 0x00, 0xd8, 0x00,
	0x00, 0x64, 0x00, 0x00, 0x00, 0x00, 0x00, 0x00, 0x00, 0x00, 0x00, 0x00,
	0x00, 0x00, 0x00, 0x00, 0xff, 0xff, 0xff, 0xff, 0xff, 0xff, 0xff, 0xff,
	0x00, 0x3b, 0x00, 0x00, 0x82, 0x16, 0x00, 0x00, 0x69, 0x00, 0x00, 0x00,
	0xff, 0xff, 0xff, 0x0f, 0xff, 0xff, 0xff, 0x0f, 0xff, 0xff, 0xff, 0x0f,
	0xff, 0xff, 0xff, 0x0f, 0xff, 0xff, 0xff, 0x0f, 0xff, 0xff, 0xff, 0x0f,
	0xff, 0xff, 0xff, 0x0f, 0x00, 0x50, 0x00, 0x00, 0x00, 0x09, 0x00, 0x00,
	0x00, 0x00, 0x0a, 0x00, 0x00, 0x00, 0xd8, 0x00, 0x00, 0x64, 0x00, 0x00,
	0x00, 0x00, 0x00, 0x00, 0x00, 0x00, 0x00, 0x00, 0x00, 0x00, 0x00, 0x00,
	0xff, 0xff, 0xff, 0xff, 0xff, 0xff, 0xff, 0xff, 0x00, 0x48, 0x00, 0x00,
	0xf4, 0x01, 0x00, 0x00, 0x14, 0x00, 0x00, 0x00, 0xff, 0xff, 0xff, 0x0f,
	0xff, 0xff, 0xff, 0x0f, 0xff, 0xff, 0xff, 0x0f, 0xff, 0xff, 0xff, 0x0f,
	0xff, 0xff, 0xff, 0x0f, 0xff, 0xff, 0xff, 0x0f, 0xff, 0xff, 0xff, 0x0f,
	0x00, 0x50, 0x00, 0x00, 0x00, 0x09, 0x00, 0x00, 0x00, 0x00, 0x0a, 0x00,
	0x00, 0x00, 0xd8, 0x00, 0x00, 0x64, 0x00, 0x00, 0x00, 0x00, 0x00, 0x00,
	0x00, 0x00, 0x00, 0x00, 0x00, 0x00, 0x00, 0x00, 0xff, 0xff, 0xff, 0xff,
	0xff, 0xff, 0xff, 0xff, 0xff, 0x00, 0x04, 0xe1, 0x00, 0x00, 0x04, 0xff,
	0xff, 0xff, 0xff, 0xff, 0xff, 0xff, 0xff, 0xff, 0x00, 0x50, 0x00, 0x00,
	0xfa, 0x2d, 0x00, 0x00, 0xc1, 0x00, 0x00, 0x00, 0xff, 0xff, 0xff, 0x0f,
	0xff, 0xff, 0xff, 0x0f, 0x01, 0x00, 0x00, 0x00, 0xff, 0xff, 0xff, 0x0f,
	0xff, 0xff, 0xff, 0x0f, 0xff, 0xff, 0xff, 0x0f, 0xff, 0xff, 0xff, 0x0f,
	0x00, 0x00, 0x00, 0x00, 0x00, 0x09, 0x00, 0x00, 0x00, 0x00, 0x0a, 0x00,
	0x00, 0x00, 0xd8, 0x00, 0x00, 0x64, 0x00, 0x00, 0x00, 0x00, 0x00, 0x00,
	0x00, 0x00, 0x00, 0x00, 0x00, 0x00, 0x00, 0x00, 0xff, 0xff, 0xff, 0xff,
	0xff, 0xff, 0xff, 0xff, 0xff, 0xff, 0xff, 0xff, 0xff, 0xff, 0xff, 0xff,
	0xff, 0xff, 0xff, 0xff, 0xff, 0xff, 0xff, 0xff, 0xff, 0xff, 0xff, 0xff,
	0xff, 0xff, 0xff, 0xff, 0xff, 0xff, 0xff, 0xff, 0xff, 0xff, 0xff, 0xff,
	0xff, 0xff, 0xff, 0xff, 0xff, 0xff, 0xff, 0xff, 0xff, 0xff, 0xff, 0xff,
	0xff, 0xff, 0xff, 0xff, 0xff, 0xff, 0xff, 0xff, 0xff, 0xff, 0xff, 0xff,
	0xff, 0xff, 0xff, 0xff, 0xff, 0xff, 0xff, 0xff, 0xff, 0xff, 0xff, 0xff,
	0xff, 0xff, 0xff, 0xff, 0xff, 0xff, 0xff, 0xff, 0xff, 0xff, 0xff, 0xff,
	0xff, 0xff, 0xff, 0xff, 0xff, 0xff, 0xff, 0xff, 0xff, 0xff, 0xff, 0xff,
	0xff, 0xff, 0xff, 0xff, 0xff, 0xff, 0xff, 0xff, 0xff, 0xff, 0xff, 0xff,
	0xff, 0xff, 0xff, 0xff, 0xff, 0xff, 0xff, 0xff, 0xff, 0xff, 0xff, 0xff,
	0xff, 0xff, 0xff, 0xff, 0xff, 0xff, 0xff, 0xff, 0xff, 0xff, 0xff, 0xff,
	0xff, 0xff, 0xff, 0xff, 0xff, 0xff, 0xff, 0xff, 0xff, 0xff, 0xff, 0xff,
	0xff, 0xff, 0xff, 0xff, 0xff, 0xff, 0xff, 0xff, 0xff, 0xff, 0xff, 0xff,
	0xff, 0xff, 0xff, 0xff, 0xff, 0xff, 0xff, 0xff, 0xff, 0xff, 0xff, 0xff,
	0xff, 0xff, 0xff, 0xff, 0xff, 0xff, 0xff, 0xff, 0xff, 0xff, 0xff, 0xff,
	0xff, 0xff, 0xff, 0xff, 0xff, 0xff, 0xff, 0xff, 0xff, 0xff, 0xff, 0xff,
	0xff, 0xff, 0xff, 0xff, 0xff, 0xff, 0xff, 0xff, 0xff, 0xff, 0xff, 0xff,
	0xff, 0xff, 0xff, 0xff, 0xff, 0xff
};

static const u8 autoservo_param_a_eiger_samsung[] = {
	0x00, 0x04, 0x67, 0x00, 0x00, 0x04, 0x67, 0x00, 0x00, 0x04, 0x67, 0x00,
	0x00, 0x04, 0x67, 0x00, 0x00, 0x04, 0x00, 0x04, 0x00, 0x04, 0x00, 0x04,
	0xff, 0xff, 0xff, 0xff, 0xff, 0xff, 0xff, 0xff, 0x00, 0x5b, 0x00, 0x00,
	0x05, 0x17, 0x00, 0x00, 0x25, 0x00, 0x00, 0x00, 0xff, 0xff, 0xff, 0x0f,
	0xff, 0xff, 0xff, 0x0f, 0xff, 0xff, 0xff, 0x0f, 0xff, 0xff, 0xff, 0x0f,
	0xff, 0xff, 0xff, 0x0f, 0xff, 0xff, 0xff, 0x0f, 0xff, 0xff, 0xff, 0x0f,
	0xe8, 0x5d, 0x00, 0x00, 0x50, 0x46, 0x00, 0x00, 0x00, 0x80, 0x02, 0x00,
	0xe0, 0x9c, 0x41, 0x00, 0x00, 0x64, 0x00, 0x00, 0x00, 0x00, 0x00, 0x00,
	0x00, 0x00, 0x00, 0x00, 0x00, 0x00, 0x00, 0x00, 0xff, 0xff, 0xff, 0xff,
	0xff, 0xff, 0xff, 0xff, 0x00, 0x4c, 0x00, 0x00, 0x3b, 0x0a, 0x00, 0x00,
	0x03, 0x00, 0x00, 0x00, 0xff, 0xff, 0xff, 0x0f, 0xff, 0xff, 0xff, 0x0f,
	0xff, 0xff, 0xff, 0x0f, 0xff, 0xff, 0xff, 0x0f, 0xff, 0xff, 0xff, 0x0f,
	0xff, 0xff, 0xff, 0x0f, 0xff, 0xff, 0xff, 0x0f, 0x00, 0x50, 0x00, 0x00,
	0x00, 0x09, 0x00, 0x00, 0x00, 0x00, 0x0a, 0x00, 0x00, 0x00, 0xd8, 0x00,
	0x00, 0x64, 0x00, 0x00, 0x00, 0x00, 0x00, 0x00, 0x00, 0x00, 0x00, 0x00,
	0x00, 0x00, 0x00, 0x00, 0xff, 0xff, 0xff, 0xff, 0xff, 0xff, 0xff, 0xff,
	0x00, 0x27, 0x00, 0x00, 0x00, 0x00, 0x00, 0x00, 0x00, 0x00, 0x00, 0x00,
	0xff, 0xff, 0xff, 0x0f, 0xff, 0xff, 0xff, 0x0f, 0xff, 0xff, 0xff, 0x0f,
	0xff, 0xff, 0xff, 0x0f, 0xff, 0xff, 0xff, 0x0f, 0xff, 0xff, 0xff, 0x0f,
	0xff, 0xff, 0xff, 0x0f, 0x00, 0x00, 0x00, 0x00, 0x00, 0x09, 0x00, 0x00,
	0x00, 0x00, 0x0a, 0x00, 0x00, 0x00, 0xd8, 0x00, 0x00, 0x27, 0x00, 0x00,
	0x00, 0x00, 0x00, 0x00, 0x00, 0x00, 0x00, 0x00, 0x00, 0x00, 0x00, 0x00,
	0xff, 0xff, 0xff, 0xff, 0xff, 0xff, 0xff, 0xff, 0x00, 0x45, 0x00, 0x00,
	0x3b, 0x0a, 0x00, 0x00, 0x03, 0x00, 0x00, 0x00, 0xff, 0xff, 0xff, 0x0f,
	0xff, 0xff, 0xff, 0x0f, 0xff, 0xff, 0xff, 0x0f, 0xff, 0xff, 0xff, 0x0f,
	0xff, 0xff, 0xff, 0x0f, 0xff, 0xff, 0xff, 0x0f, 0xff, 0xff, 0xff, 0x0f,
	0x00, 0x50, 0x00, 0x00, 0x00, 0x09, 0x00, 0x00, 0x00, 0x00, 0x0a, 0x00,
	0x00, 0x00, 0xd8, 0x00, 0x00, 0x64, 0x00, 0x00, 0x00, 0x00, 0x00, 0x00,
	0x00, 0x00, 0x00, 0x00, 0x00, 0x00, 0x00, 0x00, 0xff, 0xff, 0xff, 0xff,
	0xff, 0xff, 0xff, 0xff, 0x00, 0x04, 0xbe, 0x00, 0x00, 0x04, 0xbe, 0x00,
	0x00, 0x04, 0xbe, 0x00, 0x00, 0x04, 0xbe, 0x00, 0x00, 0x04, 0x00, 0x04,
	0xd5, 0x00, 0x00, 0x04, 0xff, 0xff, 0xff, 0xff, 0xff, 0xff, 0xff, 0xff,
	0x00, 0x5b, 0x00, 0x00, 0x05, 0x17, 0x00, 0x00, 0x25, 0x00, 0x00, 0x00,
	0xff, 0xff, 0xff, 0x0f, 0xff, 0xff, 0xff, 0x0f, 0xff, 0xff, 0xff, 0x0f,
	0xff, 0xff, 0xff, 0x0f, 0xff, 0xff, 0xff, 0x0f, 0xff, 0xff, 0xff, 0x0f,
	0xff, 0xff, 0xff, 0x0f, 0xe8, 0x5d, 0x00, 0x00, 0x50, 0x46, 0x00, 0x00,
	0x00, 0x80, 0x02, 0x00, 0xe0, 0x9c, 0x41, 0x00, 0x00, 0x64, 0x00, 0x00,
	0x00, 0x00, 0x00, 0x00, 0x00, 0x00, 0x00, 0x00, 0x00, 0x00, 0x00, 0x00,
	0xff, 0xff, 0xff, 0xff, 0xff, 0xff, 0xff, 0xff, 0x00, 0x4c, 0x00, 0x00,
	0x3b, 0x0a, 0x00, 0x00, 0x06, 0x00, 0x00, 0x00, 0xff, 0xff, 0xff, 0x0f,
	0xff, 0xff, 0xff, 0x0f, 0xff, 0xff, 0xff, 0x0f, 0xff, 0xff, 0xff, 0x0f,
	0xff, 0xff, 0xff, 0x0f, 0xff, 0xff, 0xff, 0x0f, 0xff, 0xff, 0xff, 0x0f,
	0x00, 0x50, 0x00, 0x00, 0x00, 0x09, 0x00, 0x00, 0x00, 0x00, 0x0a, 0x00,
	0x00, 0x00, 0xd8, 0x00, 0x00, 0x64, 0x00, 0x00, 0x00, 0x00, 0x00, 0x00,
	0x00, 0x00, 0x00, 0x00, 0x00, 0x00, 0x00, 0x00, 0xff, 0xff, 0xff, 0xff,
	0xff, 0xff, 0xff, 0xff, 0x00, 0x27, 0x00, 0x00, 0x00, 0x00, 0x00, 0x00,
	0x00, 0x00, 0x00, 0x00, 0xff, 0xff, 0xff, 0x0f, 0xff, 0xff, 0xff, 0x0f,
	0xff, 0xff, 0xff, 0x0f, 0xff, 0xff, 0xff, 0x0f, 0xff, 0xff, 0xff, 0x0f,
	0xff, 0xff, 0xff, 0x0f, 0xff, 0xff, 0xff, 0x0f, 0x00, 0x50, 0x00, 0x00,
	0x00, 0x09, 0x00, 0x00, 0x00, 0x00, 0x0a, 0x00, 0x00, 0x00, 0xd8, 0x00,
	0x00, 0x27, 0x00, 0x00, 0x00, 0x17, 0x00, 0x00, 0xa5, 0x21, 0x00, 0x00,
	0x7f, 0x0b, 0x00, 0x00, 0xff, 0xff, 0xff, 0xff, 0xff, 0xff, 0xff, 0xff,
	0x00, 0x45, 0x00, 0x00, 0x3b, 0x0a, 0x00, 0x00, 0x03, 0x00, 0x00, 0x00,
	0xff, 0xff, 0xff, 0x0f, 0xff, 0xff, 0xff, 0x0f, 0xff, 0xff, 0xff, 0x0f,
	0xff, 0xff, 0xff, 0x0f, 0xff, 0xff, 0xff, 0x0f, 0xff, 0xff, 0xff, 0x0f,
	0xff, 0xff, 0xff, 0x0f, 0x00, 0x50, 0x00, 0x00, 0x00, 0x09, 0x00, 0x00,
	0x00, 0x00, 0x0a, 0x00, 0x00, 0x00, 0xd8, 0x00, 0x00, 0x64, 0x00, 0x00,
	0x00, 0x00, 0x00, 0x00, 0x00, 0x00, 0x00, 0x00, 0x00, 0x00, 0x00, 0x00,
	0xff, 0xff, 0xff, 0xff, 0xff, 0xff, 0xff, 0xff, 0x00, 0x04, 0x67, 0x00,
	0x00, 0x04, 0x67, 0x00, 0x00, 0x04, 0x67, 0x00, 0x00, 0x04, 0x67, 0x00,
	0x00, 0x04, 0x00, 0x04, 0x00, 0x04, 0x00, 0x04, 0xff, 0xff, 0xff, 0xff,
	0xff, 0xff, 0xff, 0xff, 0x00, 0x5b, 0x00, 0x00, 0x05, 0x17, 0x00, 0x00,
	0x25, 0x00, 0x00, 0x00, 0xff, 0xff, 0xff, 0x0f, 0xff, 0xff, 0xff, 0x0f,
	0xff, 0xff, 0xff, 0x0f, 0xff, 0xff, 0xff, 0x0f, 0xff, 0xff, 0xff, 0x0f,
	0xff, 0xff, 0xff, 0x0f, 0xff, 0xff, 0xff, 0x0f, 0xe8, 0x5d, 0x00, 0x00,
	0x50, 0x46, 0x00, 0x00, 0x00, 0x80, 0x02, 0x00, 0xe0, 0x9c, 0x41, 0x00,
	0x00, 0x64, 0x00, 0x00, 0x00, 0x00, 0x00, 0x00, 0x00, 0x00, 0x00, 0x00,
	0x00, 0x00, 0x00, 0x00, 0xff, 0xff, 0xff, 0xff, 0xff, 0xff, 0xff, 0xff,
	0x00, 0x4c, 0x00, 0x00, 0x3b, 0x0a, 0x00, 0x00, 0x03, 0x00, 0x00, 0x00,
	0xff, 0xff, 0xff, 0x0f, 0xff, 0xff, 0xff, 0x0f, 0xff, 0xff, 0xff, 0x0f,
	0xff, 0xff, 0xff, 0x0f, 0xff, 0xff, 0xff, 0x0f, 0xff, 0xff, 0xff, 0x0f,
	0xff, 0xff, 0xff, 0x0f, 0x00, 0x50, 0x00, 0x00, 0x00, 0x09, 0x00, 0x00,
	0x00, 0x00, 0x0a, 0x00, 0x00, 0x00, 0xd8, 0x00, 0x00, 0x64, 0x00, 0x00,
	0x00, 0x00, 0x00, 0x00, 0x00, 0x00, 0x00, 0x00, 0x00, 0x00, 0x00, 0x00,
	0xff, 0xff, 0xff, 0xff, 0xff, 0xff, 0xff, 0xff, 0x00, 0x27, 0x00, 0x00,
	0x00, 0x00, 0x00, 0x00, 0x00, 0x00, 0x00, 0x00, 0xff, 0xff, 0xff, 0x0f,
	0xff, 0xff, 0xff, 0x0f, 0xff, 0xff, 0xff, 0x0f, 0xff, 0xff, 0xff, 0x0f,
	0xff, 0xff, 0xff, 0x0f, 0xff, 0xff, 0xff, 0x0f, 0xff, 0xff, 0xff, 0x0f,
	0x00, 0x50, 0x00, 0x00, 0x00, 0x09, 0x00, 0x00, 0x00, 0x00, 0x0a, 0x00,
	0x00, 0x00, 0xd8, 0x00, 0x00, 0x27, 0x00, 0x00, 0x00, 0x00, 0x00, 0x00,
	0xcd, 0x28, 0x00, 0x00, 0x00, 0x00, 0x00, 0x00, 0xff, 0xff, 0xff, 0xff,
	0xff, 0xff, 0xff, 0xff, 0x00, 0x45, 0x00, 0x00, 0x3b, 0x0a, 0x00, 0x00,
	0x03, 0x00, 0x00, 0x00, 0xff, 0xff, 0xff, 0x0f, 0xff, 0xff, 0xff, 0x0f,
	0xff, 0xff, 0xff, 0x0f, 0xff, 0xff, 0xff, 0x0f, 0xff, 0xff, 0xff, 0x0f,
	0xff, 0xff, 0xff, 0x0f, 0xff, 0xff, 0xff, 0x0f, 0x00, 0x50, 0x00, 0x00,
	0x00, 0x09, 0x00, 0x00, 0x00, 0x00, 0x0a, 0x00, 0x00, 0x00, 0xd8, 0x00,
	0x00, 0x55, 0x00, 0x00, 0x00, 0x00, 0x00, 0x00, 0x00, 0x00, 0x00, 0x00,
	0x00, 0x00, 0x00, 0x00, 0xff, 0xff, 0xff, 0xff, 0xff, 0xff, 0xff, 0xff,
	0x00, 0x04, 0xbe, 0x00, 0x00, 0x04, 0xbe, 0x00, 0x00, 0x04, 0xbe, 0x00,
	0x00, 0x04, 0xbe, 0x00, 0x00, 0x04, 0x00, 0x04, 0xd5, 0x00, 0x00, 0x04,
	0xff, 0xff, 0xff, 0xff, 0xff, 0xff, 0xff, 0xff, 0x00, 0x56, 0x00, 0x00,
	0x05, 0x17, 0x00, 0x00, 0x25, 0x00, 0x00, 0x00, 0xff, 0xff, 0xff, 0x0f,
	0xff, 0xff, 0xff, 0x0f, 0xff, 0xff, 0xff, 0x0f, 0xff, 0xff, 0xff, 0x0f,
	0xff, 0xff, 0xff, 0x0f, 0xff, 0xff, 0xff, 0x0f, 0xff, 0xff, 0xff, 0x0f,
	0xe8, 0x5d, 0x00, 0x00, 0x50, 0x46, 0x00, 0x00, 0x00, 0x80, 0x02, 0x00,
	0x00, 0x00, 0xd8, 0x00, 0x00, 0x64, 0x00, 0x00, 0x00, 0x00, 0x00, 0x00,
	0x00, 0x00, 0x00, 0x00, 0x00, 0x00, 0x00, 0x00, 0xff, 0xff, 0xff, 0xff,
	0xff, 0xff, 0xff, 0xff, 0x00, 0x4a, 0x00, 0x00, 0x3b, 0x0a, 0x00, 0x00,
	0x06, 0x00, 0x00, 0x00, 0xff, 0xff, 0xff, 0x0f, 0xff, 0xff, 0xff, 0x0f,
	0xff, 0xff, 0xff, 0x0f, 0xff, 0xff, 0xff, 0x0f, 0xff, 0xff, 0xff, 0x0f,
	0xff, 0xff, 0xff, 0x0f, 0xff, 0xff, 0xff, 0x0f, 0x00, 0x50, 0x00, 0x00,
	0x00, 0x09, 0x00, 0x00, 0x00, 0x00, 0x0a, 0x00, 0x00, 0x00, 0xd8, 0x00,
	0x00, 0x64, 0x00, 0x00, 0x00, 0x00, 0x00, 0x00, 0x00, 0x00, 0x00, 0x00,
	0x00, 0x00, 0x00, 0x00, 0xff, 0xff, 0xff, 0xff, 0xff, 0xff, 0xff, 0xff,
	0x00, 0x27, 0x00, 0x00, 0x00, 0x00, 0x00, 0x00, 0x00, 0x00, 0x00, 0x00,
	0xff, 0xff, 0xff, 0x0f, 0xff, 0xff, 0xff, 0x0f, 0xff, 0xff, 0xff, 0x0f,
	0xff, 0xff, 0xff, 0x0f, 0xff, 0xff, 0xff, 0x0f, 0xff, 0xff, 0xff, 0x0f,
	0xff, 0xff, 0xff, 0x0f, 0x00, 0x50, 0x00, 0x00, 0x00, 0x09, 0x00, 0x00,
	0x00, 0x00, 0x0a, 0x00, 0x00, 0x00, 0xd8, 0x00, 0x00, 0x27, 0x00, 0x00,
	0x00, 0x17, 0x00, 0x00, 0xa5, 0x21, 0x00, 0x00, 0x7f, 0x0b, 0x00, 0x00,
	0xff, 0xff, 0xff, 0xff, 0xff, 0xff, 0xff, 0xff, 0x00, 0x40, 0x00, 0x00,
	0x3b, 0x0a, 0x00, 0x00, 0x03, 0x00, 0x00, 0x00, 0xff, 0xff, 0xff, 0x0f,
	0xff, 0xff, 0xff, 0x0f, 0xff, 0xff, 0xff, 0x0f, 0xff, 0xff, 0xff, 0x0f,
	0xff, 0xff, 0xff, 0x0f, 0xff, 0xff, 0xff, 0x0f, 0xff, 0xff, 0xff, 0x0f,
	0x00, 0x50, 0x00, 0x00, 0x00, 0x09, 0x00, 0x00, 0x00, 0x00, 0x0a, 0x00,
	0x00, 0x00, 0xd8, 0x00, 0x00, 0x64, 0x00, 0x00, 0x00, 0x00, 0x00, 0x00,
	0x00, 0x00, 0x00, 0x00, 0x00, 0x00, 0x00, 0x00, 0xff, 0xff, 0xff, 0xff,
	0xff, 0xff, 0xff, 0xff, 0xff, 0x00, 0x04, 0x67, 0x00, 0x00, 0x04, 0xff,
	0xff, 0xff, 0xff, 0xff, 0xff, 0xff, 0xff, 0xff, 0x00, 0x50, 0x00, 0x00,
	0xfa, 0x2d, 0x00, 0x00, 0x27, 0x00, 0x00, 0x00, 0xff, 0xff, 0xff, 0x0f,
	0xff, 0xff, 0xff, 0x0f, 0x01, 0x00, 0x00, 0x00, 0xff, 0xff, 0xff, 0x0f,
	0xff, 0xff, 0xff, 0x0f, 0xff, 0xff, 0xff, 0x0f, 0xff, 0xff, 0xff, 0x0f,
	0x00, 0x00, 0x00, 0x00, 0x00, 0x09, 0x00, 0x00, 0x00, 0x00, 0x0a, 0x00,
	0x00, 0x00, 0xd8, 0x00, 0x00, 0x64, 0x00, 0x00, 0x00, 0x00, 0x00, 0x00,
	0x00, 0x00, 0x00, 0x00, 0x00, 0x00, 0x00, 0x00, 0xff, 0xff, 0xff, 0xff,
	0xff, 0xff, 0xff, 0xff, 0xff, 0xff, 0xff, 0xff, 0xff, 0xff, 0xff, 0xff,
	0xff, 0xff, 0xff, 0xff, 0xff, 0xff, 0xff, 0xff, 0xff, 0xff, 0xff, 0xff,
	0xff, 0xff, 0xff, 0xff, 0xff, 0xff, 0xff, 0xff, 0xff, 0xff, 0xff, 0xff,
	0xff, 0xff, 0xff, 0xff, 0xff, 0xff, 0xff, 0xff, 0xff, 0xff, 0xff, 0xff,
	0xff, 0xff, 0xff, 0xff, 0xff, 0xff, 0xff, 0xff, 0xff, 0xff, 0xff, 0xff,
	0xff, 0xff, 0xff, 0xff, 0xff, 0xff, 0xff, 0xff, 0xff, 0xff, 0xff, 0xff,
	0xff, 0xff, 0xff, 0xff, 0xff, 0xff, 0xff, 0xff, 0xff, 0xff, 0xff, 0xff,
	0xff, 0xff, 0xff, 0xff, 0xff, 0xff, 0xff, 0xff, 0xff, 0xff, 0xff, 0xff,
	0xff, 0xff, 0xff, 0xff, 0xff, 0xff, 0xff, 0xff, 0xff, 0xff, 0xff, 0xff,
	0xff, 0xff, 0xff, 0xff, 0xff, 0xff, 0xff, 0xff, 0xff, 0xff, 0xff, 0xff,
	0xff, 0xff, 0xff, 0xff, 0xff, 0xff, 0xff, 0xff, 0xff, 0xff, 0xff, 0xff,
	0xff, 0xff, 0xff, 0xff, 0xff, 0xff, 0xff, 0xff, 0xff, 0xff, 0xff, 0xff,
	0xff, 0xff, 0xff, 0xff, 0xff, 0xff, 0xff, 0xff, 0xff, 0xff, 0xff, 0xff,
	0xff, 0xff, 0xff, 0xff, 0xff, 0xff, 0xff, 0xff, 0xff, 0xff, 0xff, 0xff,
	0xff, 0xff, 0xff, 0xff, 0xff, 0xff, 0xff, 0xff, 0xff, 0xff, 0xff, 0xff,
	0xff, 0xff, 0xff, 0xff, 0xff, 0xff, 0xff, 0xff, 0xff, 0xff, 0xff, 0xff,
	0xff, 0xff, 0xff, 0xff, 0xff, 0xff, 0xff, 0xff, 0xff, 0xff, 0xff, 0xff,
	0xff, 0xff, 0xff, 0xff, 0xff, 0xff
};

static const u8 autoservo_param_a_eiger_hynix[] = {
	0x00, 0x04, 0x67, 0x00, 0x00, 0x04, 0x67, 0x00, 0x00, 0x04, 0x67, 0x00,
	0x00, 0x04, 0x67, 0x00, 0x00, 0x04, 0x00, 0x04, 0x00, 0x04, 0x00, 0x04,
	0xff, 0xff, 0xff, 0xff, 0xff, 0xff, 0xff, 0xff, 0x00, 0x5b, 0x00, 0x00,
	0x05, 0x17, 0x00, 0x00, 0x25, 0x00, 0x00, 0x00, 0xff, 0xff, 0xff, 0x0f,
	0xff, 0xff, 0xff, 0x0f, 0xff, 0xff, 0xff, 0x0f, 0xff, 0xff, 0xff, 0x0f,
	0xff, 0xff, 0xff, 0x0f, 0xff, 0xff, 0xff, 0x0f, 0xff, 0xff, 0xff, 0x0f,
	0xe8, 0x5d, 0x00, 0x00, 0x50, 0x46, 0x00, 0x00, 0x00, 0x80, 0x02, 0x00,
	0xe0, 0x9c, 0x41, 0x00, 0x00, 0x64, 0x00, 0x00, 0x00, 0x00, 0x00, 0x00,
	0x00, 0x00, 0x00, 0x00, 0x00, 0x00, 0x00, 0x00, 0xff, 0xff, 0xff, 0xff,
	0xff, 0xff, 0xff, 0xff, 0x80, 0x4e, 0x00, 0x00, 0x3b, 0x0a, 0x00, 0x00,
	0x03, 0x00, 0x00, 0x00, 0xff, 0xff, 0xff, 0x0f, 0xff, 0xff, 0xff, 0x0f,
	0xff, 0xff, 0xff, 0x0f, 0xff, 0xff, 0xff, 0x0f, 0xff, 0xff, 0xff, 0x0f,
	0xff, 0xff, 0xff, 0x0f, 0xff, 0xff, 0xff, 0x0f, 0x00, 0x50, 0x00, 0x00,
	0x00, 0x09, 0x00, 0x00, 0x00, 0x00, 0x0a, 0x00, 0x00, 0x00, 0xd8, 0x00,
	0x00, 0x64, 0x00, 0x00, 0x00, 0x00, 0x00, 0x00, 0x00, 0x00, 0x00, 0x00,
	0x00, 0x00, 0x00, 0x00, 0xff, 0xff, 0xff, 0xff, 0xff, 0xff, 0xff, 0xff,
	0x00, 0x27, 0x00, 0x00, 0x00, 0x00, 0x00, 0x00, 0x00, 0x00, 0x00, 0x00,
	0xff, 0xff, 0xff, 0x0f, 0xff, 0xff, 0xff, 0x0f, 0xff, 0xff, 0xff, 0x0f,
	0xff, 0xff, 0xff, 0x0f, 0xff, 0xff, 0xff, 0x0f, 0xff, 0xff, 0xff, 0x0f,
	0xff, 0xff, 0xff, 0x0f, 0x00, 0x00, 0x00, 0x00, 0x00, 0x09, 0x00, 0x00,
	0x00, 0x00, 0x0a, 0x00, 0x00, 0x00, 0xd8, 0x00, 0x00, 0x27, 0x00, 0x00,
	0x00, 0x00, 0x00, 0x00, 0x00, 0x00, 0x00, 0x00, 0x00, 0x00, 0x00, 0x00,
	0xff, 0xff, 0xff, 0xff, 0xff, 0xff, 0xff, 0xff, 0x00, 0x45, 0x00, 0x00,
	0x3b, 0x0a, 0x00, 0x00, 0x03, 0x00, 0x00, 0x00, 0xff, 0xff, 0xff, 0x0f,
	0xff, 0xff, 0xff, 0x0f, 0xff, 0xff, 0xff, 0x0f, 0xff, 0xff, 0xff, 0x0f,
	0xff, 0xff, 0xff, 0x0f, 0xff, 0xff, 0xff, 0x0f, 0xff, 0xff, 0xff, 0x0f,
	0x00, 0x50, 0x00, 0x00, 0x00, 0x09, 0x00, 0x00, 0x00, 0x00, 0x0a, 0x00,
	0x00, 0x00, 0xd8, 0x00, 0x00, 0x64, 0x00, 0x00, 0x00, 0x00, 0x00, 0x00,
	0x00, 0x00, 0x00, 0x00, 0x00, 0x00, 0x00, 0x00, 0xff, 0xff, 0xff, 0xff,
	0xff, 0xff, 0xff, 0xff, 0x00, 0x04, 0xbe, 0x00, 0x00, 0x04, 0xbe, 0x00,
	0x00, 0x04, 0xbe, 0x00, 0x00, 0x04, 0xbe, 0x00, 0x00, 0x04, 0x00, 0x04,
	0xd5, 0x00, 0x00, 0x04, 0xff, 0xff, 0xff, 0xff, 0xff, 0xff, 0xff, 0xff,
	0x00, 0x5b, 0x00, 0x00, 0x05, 0x17, 0x00, 0x00, 0x25, 0x00, 0x00, 0x00,
	0xff, 0xff, 0xff, 0x0f, 0xff, 0xff, 0xff, 0x0f, 0xff, 0xff, 0xff, 0x0f,
	0xff, 0xff, 0xff, 0x0f, 0xff, 0xff, 0xff, 0x0f, 0xff, 0xff, 0xff, 0x0f,
	0xff, 0xff, 0xff, 0x0f, 0xe8, 0x5d, 0x00, 0x00, 0x50, 0x46, 0x00, 0x00,
	0x00, 0x80, 0x02, 0x00, 0xe0, 0x9c, 0x41, 0x00, 0x00, 0x64, 0x00, 0x00,
	0x00, 0x00, 0x00, 0x00, 0x00, 0x00, 0x00, 0x00, 0x00, 0x00, 0x00, 0x00,
	0xff, 0xff, 0xff, 0xff, 0xff, 0xff, 0xff, 0xff, 0x80, 0x4e, 0x00, 0x00,
	0x3b, 0x0a, 0x00, 0x00, 0x06, 0x00, 0x00, 0x00, 0xff, 0xff, 0xff, 0x0f,
	0xff, 0xff, 0xff, 0x0f, 0xff, 0xff, 0xff, 0x0f, 0xff, 0xff, 0xff, 0x0f,
	0xff, 0xff, 0xff, 0x0f, 0xff, 0xff, 0xff, 0x0f, 0xff, 0xff, 0xff, 0x0f,
	0x00, 0x50, 0x00, 0x00, 0x00, 0x09, 0x00, 0x00, 0x00, 0x00, 0x0a, 0x00,
	0x00, 0x00, 0xd8, 0x00, 0x00, 0x64, 0x00, 0x00, 0x00, 0x00, 0x00, 0x00,
	0x00, 0x00, 0x00, 0x00, 0x00, 0x00, 0x00, 0x00, 0xff, 0xff, 0xff, 0xff,
	0xff, 0xff, 0xff, 0xff, 0x00, 0x27, 0x00, 0x00, 0x00, 0x00, 0x00, 0x00,
	0x00, 0x00, 0x00, 0x00, 0xff, 0xff, 0xff, 0x0f, 0xff, 0xff, 0xff, 0x0f,
	0xff, 0xff, 0xff, 0x0f, 0xff, 0xff, 0xff, 0x0f, 0xff, 0xff, 0xff, 0x0f,
	0xff, 0xff, 0xff, 0x0f, 0xff, 0xff, 0xff, 0x0f, 0x00, 0x50, 0x00, 0x00,
	0x00, 0x09, 0x00, 0x00, 0x00, 0x00, 0x0a, 0x00, 0x00, 0x00, 0xd8, 0x00,
	0x00, 0x27, 0x00, 0x00, 0x00, 0x17, 0x00, 0x00, 0xa5, 0x21, 0x00, 0x00,
	0x7f, 0x0b, 0x00, 0x00, 0xff, 0xff, 0xff, 0xff, 0xff, 0xff, 0xff, 0xff,
	0x00, 0x45, 0x00, 0x00, 0x3b, 0x0a, 0x00, 0x00, 0x03, 0x00, 0x00, 0x00,
	0xff, 0xff, 0xff, 0x0f, 0xff, 0xff, 0xff, 0x0f, 0xff, 0xff, 0xff, 0x0f,
	0xff, 0xff, 0xff, 0x0f, 0xff, 0xff, 0xff, 0x0f, 0xff, 0xff, 0xff, 0x0f,
	0xff, 0xff, 0xff, 0x0f, 0x00, 0x50, 0x00, 0x00, 0x00, 0x09, 0x00, 0x00,
	0x00, 0x00, 0x0a, 0x00, 0x00, 0x00, 0xd8, 0x00, 0x00, 0x64, 0x00, 0x00,
	0x00, 0x00, 0x00, 0x00, 0x00, 0x00, 0x00, 0x00, 0x00, 0x00, 0x00, 0x00,
	0xff, 0xff, 0xff, 0xff, 0xff, 0xff, 0xff, 0xff, 0x00, 0x04, 0x67, 0x00,
	0x00, 0x04, 0x67, 0x00, 0x00, 0x04, 0x67, 0x00, 0x00, 0x04, 0x67, 0x00,
	0x00, 0x04, 0x00, 0x04, 0x00, 0x04, 0x00, 0x04, 0xff, 0xff, 0xff, 0xff,
	0xff, 0xff, 0xff, 0xff, 0x00, 0x5b, 0x00, 0x00, 0x05, 0x17, 0x00, 0x00,
	0x25, 0x00, 0x00, 0x00, 0xff, 0xff, 0xff, 0x0f, 0xff, 0xff, 0xff, 0x0f,
	0xff, 0xff, 0xff, 0x0f, 0xff, 0xff, 0xff, 0x0f, 0xff, 0xff, 0xff, 0x0f,
	0xff, 0xff, 0xff, 0x0f, 0xff, 0xff, 0xff, 0x0f, 0xe8, 0x5d, 0x00, 0x00,
	0x50, 0x46, 0x00, 0x00, 0x00, 0x80, 0x02, 0x00, 0xe0, 0x9c, 0x41, 0x00,
	0x00, 0x64, 0x00, 0x00, 0x00, 0x00, 0x00, 0x00, 0x00, 0x00, 0x00, 0x00,
	0x00, 0x00, 0x00, 0x00, 0xff, 0xff, 0xff, 0xff, 0xff, 0xff, 0xff, 0xff,
	0x80, 0x4e, 0x00, 0x00, 0x3b, 0x0a, 0x00, 0x00, 0x03, 0x00, 0x00, 0x00,
	0xff, 0xff, 0xff, 0x0f, 0xff, 0xff, 0xff, 0x0f, 0xff, 0xff, 0xff, 0x0f,
	0xff, 0xff, 0xff, 0x0f, 0xff, 0xff, 0xff, 0x0f, 0xff, 0xff, 0xff, 0x0f,
	0xff, 0xff, 0xff, 0x0f, 0x00, 0x50, 0x00, 0x00, 0x00, 0x09, 0x00, 0x00,
	0x00, 0x00, 0x0a, 0x00, 0x00, 0x00, 0xd8, 0x00, 0x00, 0x64, 0x00, 0x00,
	0x00, 0x00, 0x00, 0x00, 0x00, 0x00, 0x00, 0x00, 0x00, 0x00, 0x00, 0x00,
	0xff, 0xff, 0xff, 0xff, 0xff, 0xff, 0xff, 0xff, 0x00, 0x27, 0x00, 0x00,
	0x00, 0x00, 0x00, 0x00, 0x00, 0x00, 0x00, 0x00, 0xff, 0xff, 0xff, 0x0f,
	0xff, 0xff, 0xff, 0x0f, 0xff, 0xff, 0xff, 0x0f, 0xff, 0xff, 0xff, 0x0f,
	0xff, 0xff, 0xff, 0x0f, 0xff, 0xff, 0xff, 0x0f, 0xff, 0xff, 0xff, 0x0f,
	0x00, 0x50, 0x00, 0x00, 0x00, 0x09, 0x00, 0x00, 0x00, 0x00, 0x0a, 0x00,
	0x00, 0x00, 0xd8, 0x00, 0x00, 0x27, 0x00, 0x00, 0x00, 0x00, 0x00, 0x00,
	0xcd, 0x28, 0x00, 0x00, 0x00, 0x00, 0x00, 0x00, 0xff, 0xff, 0xff, 0xff,
	0xff, 0xff, 0xff, 0xff, 0x00, 0x45, 0x00, 0x00, 0x3b, 0x0a, 0x00, 0x00,
	0x03, 0x00, 0x00, 0x00, 0xff, 0xff, 0xff, 0x0f, 0xff, 0xff, 0xff, 0x0f,
	0xff, 0xff, 0xff, 0x0f, 0xff, 0xff, 0xff, 0x0f, 0xff, 0xff, 0xff, 0x0f,
	0xff, 0xff, 0xff, 0x0f, 0xff, 0xff, 0xff, 0x0f, 0x00, 0x50, 0x00, 0x00,
	0x00, 0x09, 0x00, 0x00, 0x00, 0x00, 0x0a, 0x00, 0x00, 0x00, 0xd8, 0x00,
	0x00, 0x55, 0x00, 0x00, 0x00, 0x00, 0x00, 0x00, 0x00, 0x00, 0x00, 0x00,
	0x00, 0x00, 0x00, 0x00, 0xff, 0xff, 0xff, 0xff, 0xff, 0xff, 0xff, 0xff,
	0x00, 0x04, 0xbe, 0x00, 0x00, 0x04, 0xbe, 0x00, 0x00, 0x04, 0xbe, 0x00,
	0x00, 0x04, 0xbe, 0x00, 0x00, 0x04, 0x00, 0x04, 0xd5, 0x00, 0x00, 0x04,
	0xff, 0xff, 0xff, 0xff, 0xff, 0xff, 0xff, 0xff, 0x00, 0x56, 0x00, 0x00,
	0x05, 0x17, 0x00, 0x00, 0x25, 0x00, 0x00, 0x00, 0xff, 0xff, 0xff, 0x0f,
	0xff, 0xff, 0xff, 0x0f, 0xff, 0xff, 0xff, 0x0f, 0xff, 0xff, 0xff, 0x0f,
	0xff, 0xff, 0xff, 0x0f, 0xff, 0xff, 0xff, 0x0f, 0xff, 0xff, 0xff, 0x0f,
	0xe8, 0x5d, 0x00, 0x00, 0x50, 0x46, 0x00, 0x00, 0x00, 0x80, 0x02, 0x00,
	0x00, 0x00, 0xd8, 0x00, 0x00, 0x64, 0x00, 0x00, 0x00, 0x00, 0x00, 0x00,
	0x00, 0x00, 0x00, 0x00, 0x00, 0x00, 0x00, 0x00, 0xff, 0xff, 0xff, 0xff,
	0xff, 0xff, 0xff, 0xff, 0x80, 0x4c, 0x00, 0x00, 0x3b, 0x0a, 0x00, 0x00,
	0x06, 0x00, 0x00, 0x00, 0xff, 0xff, 0xff, 0x0f, 0xff, 0xff, 0xff, 0x0f,
	0xff, 0xff, 0xff, 0x0f, 0xff, 0xff, 0xff, 0x0f, 0xff, 0xff, 0xff, 0x0f,
	0xff, 0xff, 0xff, 0x0f, 0xff, 0xff, 0xff, 0x0f, 0x00, 0x50, 0x00, 0x00,
	0x00, 0x09, 0x00, 0x00, 0x00, 0x00, 0x0a, 0x00, 0x00, 0x00, 0xd8, 0x00,
	0x00, 0x64, 0x00, 0x00, 0x00, 0x00, 0x00, 0x00, 0x00, 0x00, 0x00, 0x00,
	0x00, 0x00, 0x00, 0x00, 0xff, 0xff, 0xff, 0xff, 0xff, 0xff, 0xff, 0xff,
	0x00, 0x27, 0x00, 0x00, 0x00, 0x00, 0x00, 0x00, 0x00, 0x00, 0x00, 0x00,
	0xff, 0xff, 0xff, 0x0f, 0xff, 0xff, 0xff, 0x0f, 0xff, 0xff, 0xff, 0x0f,
	0xff, 0xff, 0xff, 0x0f, 0xff, 0xff, 0xff, 0x0f, 0xff, 0xff, 0xff, 0x0f,
	0xff, 0xff, 0xff, 0x0f, 0x00, 0x50, 0x00, 0x00, 0x00, 0x09, 0x00, 0x00,
	0x00, 0x00, 0x0a, 0x00, 0x00, 0x00, 0xd8, 0x00, 0x00, 0x27, 0x00, 0x00,
	0x00, 0x17, 0x00, 0x00, 0xa5, 0x21, 0x00, 0x00, 0x7f, 0x0b, 0x00, 0x00,
	0xff, 0xff, 0xff, 0xff, 0xff, 0xff, 0xff, 0xff, 0x00, 0x40, 0x00, 0x00,
	0x3b, 0x0a, 0x00, 0x00, 0x03, 0x00, 0x00, 0x00, 0xff, 0xff, 0xff, 0x0f,
	0xff, 0xff, 0xff, 0x0f, 0xff, 0xff, 0xff, 0x0f, 0xff, 0xff, 0xff, 0x0f,
	0xff, 0xff, 0xff, 0x0f, 0xff, 0xff, 0xff, 0x0f, 0xff, 0xff, 0xff, 0x0f,
	0x00, 0x50, 0x00, 0x00, 0x00, 0x09, 0x00, 0x00, 0x00, 0x00, 0x0a, 0x00,
	0x00, 0x00, 0xd8, 0x00, 0x00, 0x64, 0x00, 0x00, 0x00, 0x00, 0x00, 0x00,
	0x00, 0x00, 0x00, 0x00, 0x00, 0x00, 0x00, 0x00, 0xff, 0xff, 0xff, 0xff,
	0xff, 0xff, 0xff, 0xff, 0xff, 0x00, 0x04, 0x67, 0x00, 0x00, 0x04, 0xff,
	0xff, 0xff, 0xff, 0xff, 0xff, 0xff, 0xff, 0xff, 0x00, 0x50, 0x00, 0x00,
	0xfa, 0x2d, 0x00, 0x00, 0x27, 0x00, 0x00, 0x00, 0xff, 0xff, 0xff, 0x0f,
	0xff, 0xff, 0xff, 0x0f, 0x01, 0x00, 0x00, 0x00, 0xff, 0xff, 0xff, 0x0f,
	0xff, 0xff, 0xff, 0x0f, 0xff, 0xff, 0xff, 0x0f, 0xff, 0xff, 0xff, 0x0f,
	0x00, 0x00, 0x00, 0x00, 0x00, 0x09, 0x00, 0x00, 0x00, 0x00, 0x0a, 0x00,
	0x00, 0x00, 0xd8, 0x00, 0x00, 0x64, 0x00, 0x00, 0x00, 0x00, 0x00, 0x00,
	0x00, 0x00, 0x00, 0x00, 0x00, 0x00, 0x00, 0x00, 0xff, 0xff, 0xff, 0xff,
	0xff, 0xff, 0xff, 0xff, 0xff, 0xff, 0xff, 0xff, 0xff, 0xff, 0xff, 0xff,
	0xff, 0xff, 0xff, 0xff, 0xff, 0xff, 0xff, 0xff, 0xff, 0xff, 0xff, 0xff,
	0xff, 0xff, 0xff, 0xff, 0xff, 0xff, 0xff, 0xff, 0xff, 0xff, 0xff, 0xff,
	0xff, 0xff, 0xff, 0xff, 0xff, 0xff, 0xff, 0xff, 0xff, 0xff, 0xff, 0xff,
	0xff, 0xff, 0xff, 0xff, 0xff, 0xff, 0xff, 0xff, 0xff, 0xff, 0xff, 0xff,
	0xff, 0xff, 0xff, 0xff, 0xff, 0xff, 0xff, 0xff, 0xff, 0xff, 0xff, 0xff,
	0xff, 0xff, 0xff, 0xff, 0xff, 0xff, 0xff, 0xff, 0xff, 0xff, 0xff, 0xff,
	0xff, 0xff, 0xff, 0xff, 0xff, 0xff, 0xff, 0xff, 0xff, 0xff, 0xff, 0xff,
	0xff, 0xff, 0xff, 0xff, 0xff, 0xff, 0xff, 0xff, 0xff, 0xff, 0xff, 0xff,
	0xff, 0xff, 0xff, 0xff, 0xff, 0xff, 0xff, 0xff, 0xff, 0xff, 0xff, 0xff,
	0xff, 0xff, 0xff, 0xff, 0xff, 0xff, 0xff, 0xff, 0xff, 0xff, 0xff, 0xff,
	0xff, 0xff, 0xff, 0xff, 0xff, 0xff, 0xff, 0xff, 0xff, 0xff, 0xff, 0xff,
	0xff, 0xff, 0xff, 0xff, 0xff, 0xff, 0xff, 0xff, 0xff, 0xff, 0xff, 0xff,
	0xff, 0xff, 0xff, 0xff, 0xff, 0xff, 0xff, 0xff, 0xff, 0xff, 0xff, 0xff,
	0xff, 0xff, 0xff, 0xff, 0xff, 0xff, 0xff, 0xff, 0xff, 0xff, 0xff, 0xff,
	0xff, 0xff, 0xff, 0xff, 0xff, 0xff, 0xff, 0xff, 0xff, 0xff, 0xff, 0xff,
	0xff, 0xff, 0xff, 0xff, 0xff, 0xff, 0xff, 0xff, 0xff, 0xff, 0xff, 0xff,
	0xff, 0xff, 0xff, 0xff, 0xff, 0xff
};

static const u8 autoservo_param_a_eiger_micron[] = {
	0x00, 0x04, 0x67, 0x00, 0x00, 0x04, 0x67, 0x00, 0x00, 0x04, 0x67, 0x00,
	0x00, 0x04, 0x67, 0x00, 0x00, 0x04, 0x00, 0x04, 0x00, 0x04, 0x00, 0x04,
	0xff, 0xff, 0xff, 0xff, 0xff, 0xff, 0xff, 0xff, 0x00, 0x5b, 0x00, 0x00,
	0x05, 0x17, 0x00, 0x00, 0x25, 0x00, 0x00, 0x00, 0xff, 0xff, 0xff, 0x0f,
	0xff, 0xff, 0xff, 0x0f, 0xff, 0xff, 0xff, 0x0f, 0xff, 0xff, 0xff, 0x0f,
	0xff, 0xff, 0xff, 0x0f, 0xff, 0xff, 0xff, 0x0f, 0xff, 0xff, 0xff, 0x0f,
	0xe8, 0x5d, 0x00, 0x00, 0x50, 0x46, 0x00, 0x00, 0x00, 0x80, 0x02, 0x00,
	0xe0, 0x9c, 0x41, 0x00, 0x00, 0x64, 0x00, 0x00, 0x00, 0x00, 0x00, 0x00,
	0x00, 0x00, 0x00, 0x00, 0x00, 0x00, 0x00, 0x00, 0xff, 0xff, 0xff, 0xff,
	0xff, 0xff, 0xff, 0xff, 0x00, 0x52, 0x00, 0x00, 0x3b, 0x0a, 0x00, 0x00,
	0x03, 0x00, 0x00, 0x00, 0xff, 0xff, 0xff, 0x0f, 0xff, 0xff, 0xff, 0x0f,
	0xff, 0xff, 0xff, 0x0f, 0xff, 0xff, 0xff, 0x0f, 0xff, 0xff, 0xff, 0x0f,
	0xff, 0xff, 0xff, 0x0f, 0xff, 0xff, 0xff, 0x0f, 0x00, 0x50, 0x00, 0x00,
	0x00, 0x09, 0x00, 0x00, 0x00, 0x00, 0x0a, 0x00, 0x00, 0x00, 0xd8, 0x00,
	0x00, 0x64, 0x00, 0x00, 0x00, 0x00, 0x00, 0x00, 0x00, 0x00, 0x00, 0x00,
	0x00, 0x00, 0x00, 0x00, 0xff, 0xff, 0xff, 0xff, 0xff, 0xff, 0xff, 0xff,
	0x00, 0x27, 0x00, 0x00, 0x00, 0x00, 0x00, 0x00, 0x00, 0x00, 0x00, 0x00,
	0xff, 0xff, 0xff, 0x0f, 0xff, 0xff, 0xff, 0x0f, 0xff, 0xff, 0xff, 0x0f,
	0xff, 0xff, 0xff, 0x0f, 0xff, 0xff, 0xff, 0x0f, 0xff, 0xff, 0xff, 0x0f,
	0xff, 0xff, 0xff, 0x0f, 0x00, 0x00, 0x00, 0x00, 0x00, 0x09, 0x00, 0x00,
	0x00, 0x00, 0x0a, 0x00, 0x00, 0x00, 0xd8, 0x00, 0x00, 0x27, 0x00, 0x00,
	0x00, 0x00, 0x00, 0x00, 0x00, 0x00, 0x00, 0x00, 0x00, 0x00, 0x00, 0x00,
	0xff, 0xff, 0xff, 0xff, 0xff, 0xff, 0xff, 0xff, 0x00, 0x45, 0x00, 0x00,
	0x3b, 0x0a, 0x00, 0x00, 0x03, 0x00, 0x00, 0x00, 0xff, 0xff, 0xff, 0x0f,
	0xff, 0xff, 0xff, 0x0f, 0xff, 0xff, 0xff, 0x0f, 0xff, 0xff, 0xff, 0x0f,
	0xff, 0xff, 0xff, 0x0f, 0xff, 0xff, 0xff, 0x0f, 0xff, 0xff, 0xff, 0x0f,
	0x00, 0x50, 0x00, 0x00, 0x00, 0x09, 0x00, 0x00, 0x00, 0x00, 0x0a, 0x00,
	0x00, 0x00, 0xd8, 0x00, 0x00, 0x64, 0x00, 0x00, 0x00, 0x00, 0x00, 0x00,
	0x00, 0x00, 0x00, 0x00, 0x00, 0x00, 0x00, 0x00, 0xff, 0xff, 0xff, 0xff,
	0xff, 0xff, 0xff, 0xff, 0x00, 0x04, 0xbe, 0x00, 0x00, 0x04, 0xbe, 0x00,
	0x00, 0x04, 0xbe, 0x00, 0x00, 0x04, 0xbe, 0x00, 0x00, 0x04, 0x00, 0x04,
	0xd5, 0x00, 0x00, 0x04, 0xff, 0xff, 0xff, 0xff, 0xff, 0xff, 0xff, 0xff,
	0x00, 0x5b, 0x00, 0x00, 0x05, 0x17, 0x00, 0x00, 0x25, 0x00, 0x00, 0x00,
	0xff, 0xff, 0xff, 0x0f, 0xff, 0xff, 0xff, 0x0f, 0xff, 0xff, 0xff, 0x0f,
	0xff, 0xff, 0xff, 0x0f, 0xff, 0xff, 0xff, 0x0f, 0xff, 0xff, 0xff, 0x0f,
	0xff, 0xff, 0xff, 0x0f, 0xe8, 0x5d, 0x00, 0x00, 0x50, 0x46, 0x00, 0x00,
	0x00, 0x80, 0x02, 0x00, 0xe0, 0x9c, 0x41, 0x00, 0x00, 0x64, 0x00, 0x00,
	0x00, 0x00, 0x00, 0x00, 0x00, 0x00, 0x00, 0x00, 0x00, 0x00, 0x00, 0x00,
	0xff, 0xff, 0xff, 0xff, 0xff, 0xff, 0xff, 0xff, 0x00, 0x52, 0x00, 0x00,
	0x3b, 0x0a, 0x00, 0x00, 0x06, 0x00, 0x00, 0x00, 0xff, 0xff, 0xff, 0x0f,
	0xff, 0xff, 0xff, 0x0f, 0xff, 0xff, 0xff, 0x0f, 0xff, 0xff, 0xff, 0x0f,
	0xff, 0xff, 0xff, 0x0f, 0xff, 0xff, 0xff, 0x0f, 0xff, 0xff, 0xff, 0x0f,
	0x00, 0x50, 0x00, 0x00, 0x00, 0x09, 0x00, 0x00, 0x00, 0x00, 0x0a, 0x00,
	0x00, 0x00, 0xd8, 0x00, 0x00, 0x64, 0x00, 0x00, 0x00, 0x00, 0x00, 0x00,
	0x00, 0x00, 0x00, 0x00, 0x00, 0x00, 0x00, 0x00, 0xff, 0xff, 0xff, 0xff,
	0xff, 0xff, 0xff, 0xff, 0x00, 0x27, 0x00, 0x00, 0x00, 0x00, 0x00, 0x00,
	0x00, 0x00, 0x00, 0x00, 0xff, 0xff, 0xff, 0x0f, 0xff, 0xff, 0xff, 0x0f,
	0xff, 0xff, 0xff, 0x0f, 0xff, 0xff, 0xff, 0x0f, 0xff, 0xff, 0xff, 0x0f,
	0xff, 0xff, 0xff, 0x0f, 0xff, 0xff, 0xff, 0x0f, 0x00, 0x50, 0x00, 0x00,
	0x00, 0x09, 0x00, 0x00, 0x00, 0x00, 0x0a, 0x00, 0x00, 0x00, 0xd8, 0x00,
	0x00, 0x27, 0x00, 0x00, 0x00, 0x13, 0x00, 0x00, 0xa5, 0x21, 0x00, 0x00,
	0x7f, 0x0b, 0x00, 0x00, 0xff, 0xff, 0xff, 0xff, 0xff, 0xff, 0xff, 0xff,
	0x00, 0x45, 0x00, 0x00, 0x3b, 0x0a, 0x00, 0x00, 0x03, 0x00, 0x00, 0x00,
	0xff, 0xff, 0xff, 0x0f, 0xff, 0xff, 0xff, 0x0f, 0xff, 0xff, 0xff, 0x0f,
	0xff, 0xff, 0xff, 0x0f, 0xff, 0xff, 0xff, 0x0f, 0xff, 0xff, 0xff, 0x0f,
	0xff, 0xff, 0xff, 0x0f, 0x00, 0x50, 0x00, 0x00, 0x00, 0x09, 0x00, 0x00,
	0x00, 0x00, 0x0a, 0x00, 0x00, 0x00, 0xd8, 0x00, 0x00, 0x64, 0x00, 0x00,
	0x00, 0x00, 0x00, 0x00, 0x00, 0x00, 0x00, 0x00, 0x00, 0x00, 0x00, 0x00,
	0xff, 0xff, 0xff, 0xff, 0xff, 0xff, 0xff, 0xff, 0x00, 0x04, 0x67, 0x00,
	0x00, 0x04, 0x67, 0x00, 0x00, 0x04, 0x67, 0x00, 0x00, 0x04, 0x67, 0x00,
	0x00, 0x04, 0x00, 0x04, 0x00, 0x04, 0x00, 0x04, 0xff, 0xff, 0xff, 0xff,
	0xff, 0xff, 0xff, 0xff, 0x00, 0x5b, 0x00, 0x00, 0x05, 0x17, 0x00, 0x00,
	0x25, 0x00, 0x00, 0x00, 0xff, 0xff, 0xff, 0x0f, 0xff, 0xff, 0xff, 0x0f,
	0xff, 0xff, 0xff, 0x0f, 0xff, 0xff, 0xff, 0x0f, 0xff, 0xff, 0xff, 0x0f,
	0xff, 0xff, 0xff, 0x0f, 0xff, 0xff, 0xff, 0x0f, 0xe8, 0x5d, 0x00, 0x00,
	0x50, 0x46, 0x00, 0x00, 0x00, 0x80, 0x02, 0x00, 0xe0, 0x9c, 0x41, 0x00,
	0x00, 0x64, 0x00, 0x00, 0x00, 0x00, 0x00, 0x00, 0x00, 0x00, 0x00, 0x00,
	0x00, 0x00, 0x00, 0x00, 0xff, 0xff, 0xff, 0xff, 0xff, 0xff, 0xff, 0xff,
	0x00, 0x52, 0x00, 0x00, 0x3b, 0x0a, 0x00, 0x00, 0x03, 0x00, 0x00, 0x00,
	0xff, 0xff, 0xff, 0x0f, 0xff, 0xff, 0xff, 0x0f, 0xff, 0xff, 0xff, 0x0f,
	0xff, 0xff, 0xff, 0x0f, 0xff, 0xff, 0xff, 0x0f, 0xff, 0xff, 0xff, 0x0f,
	0xff, 0xff, 0xff, 0x0f, 0x00, 0x50, 0x00, 0x00, 0x00, 0x09, 0x00, 0x00,
	0x00, 0x00, 0x0a, 0x00, 0x00, 0x00, 0xd8, 0x00, 0x00, 0x64, 0x00, 0x00,
	0x00, 0x00, 0x00, 0x00, 0x00, 0x00, 0x00, 0x00, 0x00, 0x00, 0x00, 0x00,
	0xff, 0xff, 0xff, 0xff, 0xff, 0xff, 0xff, 0xff, 0x00, 0x27, 0x00, 0x00,
	0x00, 0x00, 0x00, 0x00, 0x00, 0x00, 0x00, 0x00, 0xff, 0xff, 0xff, 0x0f,
	0xff, 0xff, 0xff, 0x0f, 0xff, 0xff, 0xff, 0x0f, 0xff, 0xff, 0xff, 0x0f,
	0xff, 0xff, 0xff, 0x0f, 0xff, 0xff, 0xff, 0x0f, 0xff, 0xff, 0xff, 0x0f,
	0x00, 0x50, 0x00, 0x00, 0x00, 0x09, 0x00, 0x00, 0x00, 0x00, 0x0a, 0x00,
	0x00, 0x00, 0xd8, 0x00, 0x00, 0x27, 0x00, 0x00, 0x00, 0x00, 0x00, 0x00,
	0xcd, 0x28, 0x00, 0x00, 0x00, 0x00, 0x00, 0x00, 0xff, 0xff, 0xff, 0xff,
	0xff, 0xff, 0xff, 0xff, 0x00, 0x45, 0x00, 0x00, 0x3b, 0x0a, 0x00, 0x00,
	0x03, 0x00, 0x00, 0x00, 0xff, 0xff, 0xff, 0x0f, 0xff, 0xff, 0xff, 0x0f,
	0xff, 0xff, 0xff, 0x0f, 0xff, 0xff, 0xff, 0x0f, 0xff, 0xff, 0xff, 0x0f,
	0xff, 0xff, 0xff, 0x0f, 0xff, 0xff, 0xff, 0x0f, 0x00, 0x50, 0x00, 0x00,
	0x00, 0x09, 0x00, 0x00, 0x00, 0x00, 0x0a, 0x00, 0x00, 0x00, 0xd8, 0x00,
	0x00, 0x55, 0x00, 0x00, 0x00, 0x00, 0x00, 0x00, 0x00, 0x00, 0x00, 0x00,
	0x00, 0x00, 0x00, 0x00, 0xff, 0xff, 0xff, 0xff, 0xff, 0xff, 0xff, 0xff,
	0x00, 0x04, 0xbe, 0x00, 0x00, 0x04, 0xbe, 0x00, 0x00, 0x04, 0xbe, 0x00,
	0x00, 0x04, 0xbe, 0x00, 0x00, 0x04, 0x00, 0x04, 0xd5, 0x00, 0x00, 0x04,
	0xff, 0xff, 0xff, 0xff, 0xff, 0xff, 0xff, 0xff, 0x00, 0x56, 0x00, 0x00,
	0x05, 0x17, 0x00, 0x00, 0x25, 0x00, 0x00, 0x00, 0xff, 0xff, 0xff, 0x0f,
	0xff, 0xff, 0xff, 0x0f, 0xff, 0xff, 0xff, 0x0f, 0xff, 0xff, 0xff, 0x0f,
	0xff, 0xff, 0xff, 0x0f, 0xff, 0xff, 0xff, 0x0f, 0xff, 0xff, 0xff, 0x0f,
	0xe8, 0x5d, 0x00, 0x00, 0x50, 0x46, 0x00, 0x00, 0x00, 0x80, 0x02, 0x00,
	0x00, 0x00, 0xd8, 0x00, 0x00, 0x64, 0x00, 0x00, 0x00, 0x00, 0x00, 0x00,
	0x00, 0x00, 0x00, 0x00, 0x00, 0x00, 0x00, 0x00, 0xff, 0xff, 0xff, 0xff,
	0xff, 0xff, 0xff, 0xff, 0x00, 0x50, 0x00, 0x00, 0x3b, 0x0a, 0x00, 0x00,
	0x06, 0x00, 0x00, 0x00, 0xff, 0xff, 0xff, 0x0f, 0xff, 0xff, 0xff, 0x0f,
	0xff, 0xff, 0xff, 0x0f, 0xff, 0xff, 0xff, 0x0f, 0xff, 0xff, 0xff, 0x0f,
	0xff, 0xff, 0xff, 0x0f, 0xff, 0xff, 0xff, 0x0f, 0x00, 0x50, 0x00, 0x00,
	0x00, 0x09, 0x00, 0x00, 0x00, 0x00, 0x0a, 0x00, 0x00, 0x00, 0xd8, 0x00,
	0x00, 0x64, 0x00, 0x00, 0x00, 0x00, 0x00, 0x00, 0x00, 0x00, 0x00, 0x00,
	0x00, 0x00, 0x00, 0x00, 0xff, 0xff, 0xff, 0xff, 0xff, 0xff, 0xff, 0xff,
	0x00, 0x27, 0x00, 0x00, 0x00, 0x00, 0x00, 0x00, 0x00, 0x00, 0x00, 0x00,
	0xff, 0xff, 0xff, 0x0f, 0xff, 0xff, 0xff, 0x0f, 0xff, 0xff, 0xff, 0x0f,
	0xff, 0xff, 0xff, 0x0f, 0xff, 0xff, 0xff, 0x0f, 0xff, 0xff, 0xff, 0x0f,
	0xff, 0xff, 0xff, 0x0f, 0x00, 0x50, 0x00, 0x00, 0x00, 0x09, 0x00, 0x00,
	0x00, 0x00, 0x0a, 0x00, 0x00, 0x00, 0xd8, 0x00, 0x00, 0x27, 0x00, 0x00,
	0x00, 0x13, 0x00, 0x00, 0xa5, 0x21, 0x00, 0x00, 0x7f, 0x0b, 0x00, 0x00,
	0xff, 0xff, 0xff, 0xff, 0xff, 0xff, 0xff, 0xff, 0x00, 0x40, 0x00, 0x00,
	0x3b, 0x0a, 0x00, 0x00, 0x03, 0x00, 0x00, 0x00, 0xff, 0xff, 0xff, 0x0f,
	0xff, 0xff, 0xff, 0x0f, 0xff, 0xff, 0xff, 0x0f, 0xff, 0xff, 0xff, 0x0f,
	0xff, 0xff, 0xff, 0x0f, 0xff, 0xff, 0xff, 0x0f, 0xff, 0xff, 0xff, 0x0f,
	0x00, 0x50, 0x00, 0x00, 0x00, 0x09, 0x00, 0x00, 0x00, 0x00, 0x0a, 0x00,
	0x00, 0x00, 0xd8, 0x00, 0x00, 0x64, 0x00, 0x00, 0x00, 0x00, 0x00, 0x00,
	0x00, 0x00, 0x00, 0x00, 0x00, 0x00, 0x00, 0x00, 0xff, 0xff, 0xff, 0xff,
	0xff, 0xff, 0xff, 0xff, 0xff, 0x00, 0x04, 0x67, 0x00, 0x00, 0x04, 0xff,
	0xff, 0xff, 0xff, 0xff, 0xff, 0xff, 0xff, 0xff, 0x00, 0x50, 0x00, 0x00,
	0xfa, 0x2d, 0x00, 0x00, 0x27, 0x00, 0x00, 0x00, 0xff, 0xff, 0xff, 0x0f,
	0xff, 0xff, 0xff, 0x0f, 0x01, 0x00, 0x00, 0x00, 0xff, 0xff, 0xff, 0x0f,
	0xff, 0xff, 0xff, 0x0f, 0xff, 0xff, 0xff, 0x0f, 0xff, 0xff, 0xff, 0x0f,
	0x00, 0x00, 0x00, 0x00, 0x00, 0x09, 0x00, 0x00, 0x00, 0x00, 0x0a, 0x00,
	0x00, 0x00, 0xd8, 0x00, 0x00, 0x64, 0x00, 0x00, 0x00, 0x00, 0x00, 0x00,
	0x00, 0x00, 0x00, 0x00, 0x00, 0x00, 0x00, 0x00, 0xff, 0xff, 0xff, 0xff,
	0xff, 0xff, 0xff, 0xff, 0xff, 0xff, 0xff, 0xff, 0xff, 0xff, 0xff, 0xff,
	0xff, 0xff, 0xff, 0xff, 0xff, 0xff, 0xff, 0xff, 0xff, 0xff, 0xff, 0xff,
	0xff, 0xff, 0xff, 0xff, 0xff, 0xff, 0xff, 0xff, 0xff, 0xff, 0xff, 0xff,
	0xff, 0xff, 0xff, 0xff, 0xff, 0xff, 0xff, 0xff, 0xff, 0xff, 0xff, 0xff,
	0xff, 0xff, 0xff, 0xff, 0xff, 0xff, 0xff, 0xff, 0xff, 0xff, 0xff, 0xff,
	0xff, 0xff, 0xff, 0xff, 0xff, 0xff, 0xff, 0xff, 0xff, 0xff, 0xff, 0xff,
	0xff, 0xff, 0xff, 0xff, 0xff, 0xff, 0xff, 0xff, 0xff, 0xff, 0xff, 0xff,
	0xff, 0xff, 0xff, 0xff, 0xff, 0xff, 0xff, 0xff, 0xff, 0xff, 0xff, 0xff,
	0xff, 0xff, 0xff, 0xff, 0xff, 0xff, 0xff, 0xff, 0xff, 0xff, 0xff, 0xff,
	0xff, 0xff, 0xff, 0xff, 0xff, 0xff, 0xff, 0xff, 0xff, 0xff, 0xff, 0xff,
	0xff, 0xff, 0xff, 0xff, 0xff, 0xff, 0xff, 0xff, 0xff, 0xff, 0xff, 0xff,
	0xff, 0xff, 0xff, 0xff, 0xff, 0xff, 0xff, 0xff, 0xff, 0xff, 0xff, 0xff,
	0xff, 0xff, 0xff, 0xff, 0xff, 0xff, 0xff, 0xff, 0xff, 0xff, 0xff, 0xff,
	0xff, 0xff, 0xff, 0xff, 0xff, 0xff, 0xff, 0xff, 0xff, 0xff, 0xff, 0xff,
	0xff, 0xff, 0xff, 0xff, 0xff, 0xff, 0xff, 0xff, 0xff, 0xff, 0xff, 0xff,
	0xff, 0xff, 0xff, 0xff, 0xff, 0xff, 0xff, 0xff, 0xff, 0xff, 0xff, 0xff,
	0xff, 0xff, 0xff, 0xff, 0xff, 0xff, 0xff, 0xff, 0xff, 0xff, 0xff, 0xff,
	0xff, 0xff, 0xff, 0xff, 0xff, 0xff
};

static const u8 autoservo_param_a_denali_samsung[] = {
	0x00, 0x04, 0x67, 0x00, 0x00, 0x04, 0x67, 0x00, 0x00, 0x04, 0x67, 0x00,
	0x00, 0x04, 0x67, 0x00, 0x00, 0x04, 0x00, 0x04, 0x00, 0x04, 0x00, 0x04,
	0xff, 0xff, 0xff, 0xff, 0xff, 0xff, 0xff, 0xff, 0x00, 0x5b, 0x00, 0x00,
	0x05, 0x17, 0x00, 0x00, 0x25, 0x00, 0x00, 0x00, 0xff, 0xff, 0xff, 0x0f,
	0xff, 0xff, 0xff, 0x0f, 0xff, 0xff, 0xff, 0x0f, 0xff, 0xff, 0xff, 0x0f,
	0xff, 0xff, 0xff, 0x0f, 0xff, 0xff, 0xff, 0x0f, 0xff, 0xff, 0xff, 0x0f,
	0xe8, 0x5d, 0x00, 0x00, 0x50, 0x46, 0x00, 0x00, 0x00, 0x80, 0x02, 0x00,
	0xe0, 0x9c, 0x41, 0x00, 0x00, 0x64, 0x00, 0x00, 0x00, 0x00, 0x00, 0x00,
	0x00, 0x00, 0x00, 0x00, 0x00, 0x00, 0x00, 0x00, 0xff, 0xff, 0xff, 0xff,
	0xff, 0xff, 0xff, 0xff, 0x80, 0x4c, 0x00, 0x00, 0x3b, 0x0a, 0x00, 0x00,
	0x03, 0x00, 0x00, 0x00, 0xff, 0xff, 0xff, 0x0f, 0xff, 0xff, 0xff, 0x0f,
	0xff, 0xff, 0xff, 0x0f, 0xff, 0xff, 0xff, 0x0f, 0xff, 0xff, 0xff, 0x0f,
	0xff, 0xff, 0xff, 0x0f, 0xff, 0xff, 0xff, 0x0f, 0x00, 0x50, 0x00, 0x00,
	0x00, 0x09, 0x00, 0x00, 0x00, 0x00, 0x0a, 0x00, 0x00, 0x00, 0xd8, 0x00,
	0x00, 0x64, 0x00, 0x00, 0x00, 0x00, 0x00, 0x00, 0x00, 0x00, 0x00, 0x00,
	0x00, 0x00, 0x00, 0x00, 0xff, 0xff, 0xff, 0xff, 0xff, 0xff, 0xff, 0xff,
	0x00, 0x27, 0x00, 0x00, 0x00, 0x00, 0x00, 0x00, 0x00, 0x00, 0x00, 0x00,
	0xff, 0xff, 0xff, 0x0f, 0xff, 0xff, 0xff, 0x0f, 0xff, 0xff, 0xff, 0x0f,
	0xff, 0xff, 0xff, 0x0f, 0xff, 0xff, 0xff, 0x0f, 0xff, 0xff, 0xff, 0x0f,
	0xff, 0xff, 0xff, 0x0f, 0x00, 0x00, 0x00, 0x00, 0x00, 0x09, 0x00, 0x00,
	0x00, 0x00, 0x0a, 0x00, 0x00, 0x00, 0xd8, 0x00, 0x00, 0x27, 0x00, 0x00,
	0x00, 0x00, 0x00, 0x00, 0x00, 0x00, 0x00, 0x00, 0x00, 0x00, 0x00, 0x00,
	0xff, 0xff, 0xff, 0xff, 0xff, 0xff, 0xff, 0xff, 0x00, 0x45, 0x00, 0x00,
	0x3b, 0x0a, 0x00, 0x00, 0x03, 0x00, 0x00, 0x00, 0xff, 0xff, 0xff, 0x0f,
	0xff, 0xff, 0xff, 0x0f, 0xff, 0xff, 0xff, 0x0f, 0xff, 0xff, 0xff, 0x0f,
	0xff, 0xff, 0xff, 0x0f, 0xff, 0xff, 0xff, 0x0f, 0xff, 0xff, 0xff, 0x0f,
	0x00, 0x50, 0x00, 0x00, 0x00, 0x09, 0x00, 0x00, 0x00, 0x00, 0x0a, 0x00,
	0x00, 0x00, 0xd8, 0x00, 0x00, 0x64, 0x00, 0x00, 0x00, 0x00, 0x00, 0x00,
	0x00, 0x00, 0x00, 0x00, 0x00, 0x00, 0x00, 0x00, 0xff, 0xff, 0xff, 0xff,
	0xff, 0xff, 0xff, 0xff, 0x00, 0x04, 0xbe, 0x00, 0x00, 0x04, 0xbe, 0x00,
	0x00, 0x04, 0xbe, 0x00, 0x00, 0x04, 0xbe, 0x00, 0x00, 0x04, 0x00, 0x04,
	0xd5, 0x00, 0x00, 0x04, 0xff, 0xff, 0xff, 0xff, 0xff, 0xff, 0xff, 0xff,
	0x00, 0x5b, 0x00, 0x00, 0x05, 0x17, 0x00, 0x00, 0x25, 0x00, 0x00, 0x00,
	0xff, 0xff, 0xff, 0x0f, 0xff, 0xff, 0xff, 0x0f, 0xff, 0xff, 0xff, 0x0f,
	0xff, 0xff, 0xff, 0x0f, 0xff, 0xff, 0xff, 0x0f, 0xff, 0xff, 0xff, 0x0f,
	0xff, 0xff, 0xff, 0x0f, 0xe8, 0x5d, 0x00, 0x00, 0x50, 0x46, 0x00, 0x00,
	0x00, 0x80, 0x02, 0x00, 0xe0, 0x9c, 0x41, 0x00, 0x00, 0x64, 0x00, 0x00,
	0x00, 0x00, 0x00, 0x00, 0x00, 0x00, 0x00, 0x00, 0x00, 0x00, 0x00, 0x00,
	0xff, 0xff, 0xff, 0xff, 0xff, 0xff, 0xff, 0xff, 0x80, 0x4c, 0x00, 0x00,
	0x3b, 0x0a, 0x00, 0x00, 0x06, 0x00, 0x00, 0x00, 0xff, 0xff, 0xff, 0x0f,
	0xff, 0xff, 0xff, 0x0f, 0xff, 0xff, 0xff, 0x0f, 0xff, 0xff, 0xff, 0x0f,
	0xff, 0xff, 0xff, 0x0f, 0xff, 0xff, 0xff, 0x0f, 0xff, 0xff, 0xff, 0x0f,
	0x00, 0x50, 0x00, 0x00, 0x00, 0x09, 0x00, 0x00, 0x00, 0x00, 0x0a, 0x00,
	0x00, 0x00, 0xd8, 0x00, 0x00, 0x64, 0x00, 0x00, 0x00, 0x00, 0x00, 0x00,
	0x00, 0x00, 0x00, 0x00, 0x00, 0x00, 0x00, 0x00, 0xff, 0xff, 0xff, 0xff,
	0xff, 0xff, 0xff, 0xff, 0x00, 0x27, 0x00, 0x00, 0x00, 0x00, 0x00, 0x00,
	0x00, 0x00, 0x00, 0x00, 0xff, 0xff, 0xff, 0x0f, 0xff, 0xff, 0xff, 0x0f,
	0xff, 0xff, 0xff, 0x0f, 0xff, 0xff, 0xff, 0x0f, 0xff, 0xff, 0xff, 0x0f,
	0xff, 0xff, 0xff, 0x0f, 0xff, 0xff, 0xff, 0x0f, 0x00, 0x50, 0x00, 0x00,
	0x00, 0x09, 0x00, 0x00, 0x00, 0x00, 0x0a, 0x00, 0x00, 0x00, 0xd8, 0x00,
	0x00, 0x27, 0x00, 0x00, 0x00, 0x16, 0x00, 0x00, 0xa5, 0x21, 0x00, 0x00,
	0x7f, 0x0b, 0x00, 0x00, 0xff, 0xff, 0xff, 0xff, 0xff, 0xff, 0xff, 0xff,
	0x00, 0x45, 0x00, 0x00, 0x3b, 0x0a, 0x00, 0x00, 0x03, 0x00, 0x00, 0x00,
	0xff, 0xff, 0xff, 0x0f, 0xff, 0xff, 0xff, 0x0f, 0xff, 0xff, 0xff, 0x0f,
	0xff, 0xff, 0xff, 0x0f, 0xff, 0xff, 0xff, 0x0f, 0xff, 0xff, 0xff, 0x0f,
	0xff, 0xff, 0xff, 0x0f, 0x00, 0x50, 0x00, 0x00, 0x00, 0x09, 0x00, 0x00,
	0x00, 0x00, 0x0a, 0x00, 0x00, 0x00, 0xd8, 0x00, 0x00, 0x64, 0x00, 0x00,
	0x00, 0x00, 0x00, 0x00, 0x00, 0x00, 0x00, 0x00, 0x00, 0x00, 0x00, 0x00,
	0xff, 0xff, 0xff, 0xff, 0xff, 0xff, 0xff, 0xff, 0x00, 0x04, 0x67, 0x00,
	0x00, 0x04, 0x67, 0x00, 0x00, 0x04, 0x67, 0x00, 0x00, 0x04, 0x67, 0x00,
	0x00, 0x04, 0x00, 0x04, 0x00, 0x04, 0x00, 0x04, 0xff, 0xff, 0xff, 0xff,
	0xff, 0xff, 0xff, 0xff, 0x00, 0x5b, 0x00, 0x00, 0x05, 0x17, 0x00, 0x00,
	0x25, 0x00, 0x00, 0x00, 0xff, 0xff, 0xff, 0x0f, 0xff, 0xff, 0xff, 0x0f,
	0xff, 0xff, 0xff, 0x0f, 0xff, 0xff, 0xff, 0x0f, 0xff, 0xff, 0xff, 0x0f,
	0xff, 0xff, 0xff, 0x0f, 0xff, 0xff, 0xff, 0x0f, 0xe8, 0x5d, 0x00, 0x00,
	0x50, 0x46, 0x00, 0x00, 0x00, 0x80, 0x02, 0x00, 0xe0, 0x9c, 0x41, 0x00,
	0x00, 0x64, 0x00, 0x00, 0x00, 0x00, 0x00, 0x00, 0x00, 0x00, 0x00, 0x00,
	0x00, 0x00, 0x00, 0x00, 0xff, 0xff, 0xff, 0xff, 0xff, 0xff, 0xff, 0xff,
	0x80, 0x4c, 0x00, 0x00, 0x3b, 0x0a, 0x00, 0x00, 0x03, 0x00, 0x00, 0x00,
	0xff, 0xff, 0xff, 0x0f, 0xff, 0xff, 0xff, 0x0f, 0xff, 0xff, 0xff, 0x0f,
	0xff, 0xff, 0xff, 0x0f, 0xff, 0xff, 0xff, 0x0f, 0xff, 0xff, 0xff, 0x0f,
	0xff, 0xff, 0xff, 0x0f, 0x00, 0x50, 0x00, 0x00, 0x00, 0x09, 0x00, 0x00,
	0x00, 0x00, 0x0a, 0x00, 0x00, 0x00, 0xd8, 0x00, 0x00, 0x64, 0x00, 0x00,
	0x00, 0x00, 0x00, 0x00, 0x00, 0x00, 0x00, 0x00, 0x00, 0x00, 0x00, 0x00,
	0xff, 0xff, 0xff, 0xff, 0xff, 0xff, 0xff, 0xff, 0x00, 0x27, 0x00, 0x00,
	0x00, 0x00, 0x00, 0x00, 0x00, 0x00, 0x00, 0x00, 0xff, 0xff, 0xff, 0x0f,
	0xff, 0xff, 0xff, 0x0f, 0xff, 0xff, 0xff, 0x0f, 0xff, 0xff, 0xff, 0x0f,
	0xff, 0xff, 0xff, 0x0f, 0xff, 0xff, 0xff, 0x0f, 0xff, 0xff, 0xff, 0x0f,
	0x00, 0x50, 0x00, 0x00, 0x00, 0x09, 0x00, 0x00, 0x00, 0x00, 0x0a, 0x00,
	0x00, 0x00, 0xd8, 0x00, 0x00, 0x27, 0x00, 0x00, 0x00, 0x00, 0x00, 0x00,
	0xcd, 0x28, 0x00, 0x00, 0x00, 0x00, 0x00, 0x00, 0xff, 0xff, 0xff, 0xff,
	0xff, 0xff, 0xff, 0xff, 0x00, 0x45, 0x00, 0x00, 0x3b, 0x0a, 0x00, 0x00,
	0x03, 0x00, 0x00, 0x00, 0xff, 0xff, 0xff, 0x0f, 0xff, 0xff, 0xff, 0x0f,
	0xff, 0xff, 0xff, 0x0f, 0xff, 0xff, 0xff, 0x0f, 0xff, 0xff, 0xff, 0x0f,
	0xff, 0xff, 0xff, 0x0f, 0xff, 0xff, 0xff, 0x0f, 0x00, 0x50, 0x00, 0x00,
	0x00, 0x09, 0x00, 0x00, 0x00, 0x00, 0x0a, 0x00, 0x00, 0x00, 0xd8, 0x00,
	0x00, 0x55, 0x00, 0x00, 0x00, 0x00, 0x00, 0x00, 0x00, 0x00, 0x00, 0x00,
	0x00, 0x00, 0x00, 0x00, 0xff, 0xff, 0xff, 0xff, 0xff, 0xff, 0xff, 0xff,
	0x00, 0x04, 0xbe, 0x00, 0x00, 0x04, 0xbe, 0x00, 0x00, 0x04, 0xbe, 0x00,
	0x00, 0x04, 0xbe, 0x00, 0x00, 0x04, 0x00, 0x04, 0xd5, 0x00, 0x00, 0x04,
	0xff, 0xff, 0xff, 0xff, 0xff, 0xff, 0xff, 0xff, 0x00, 0x56, 0x00, 0x00,
	0x05, 0x17, 0x00, 0x00, 0x25, 0x00, 0x00, 0x00, 0xff, 0xff, 0xff, 0x0f,
	0xff, 0xff, 0xff, 0x0f, 0xff, 0xff, 0xff, 0x0f, 0xff, 0xff, 0xff, 0x0f,
	0xff, 0xff, 0xff, 0x0f, 0xff, 0xff, 0xff, 0x0f, 0xff, 0xff, 0xff, 0x0f,
	0xe8, 0x5d, 0x00, 0x00, 0x50, 0x46, 0x00, 0x00, 0x00, 0x80, 0x02, 0x00,
	0x00, 0x00, 0xd8, 0x00, 0x00, 0x64, 0x00, 0x00, 0x00, 0x00, 0x00, 0x00,
	0x00, 0x00, 0x00, 0x00, 0x00, 0x00, 0x00, 0x00, 0xff, 0xff, 0xff, 0xff,
	0xff, 0xff, 0xff, 0xff, 0x80, 0x4a, 0x00, 0x00, 0x3b, 0x0a, 0x00, 0x00,
	0x06, 0x00, 0x00, 0x00, 0xff, 0xff, 0xff, 0x0f, 0xff, 0xff, 0xff, 0x0f,
	0xff, 0xff, 0xff, 0x0f, 0xff, 0xff, 0xff, 0x0f, 0xff, 0xff, 0xff, 0x0f,
	0xff, 0xff, 0xff, 0x0f, 0xff, 0xff, 0xff, 0x0f, 0x00, 0x50, 0x00, 0x00,
	0x00, 0x09, 0x00, 0x00, 0x00, 0x00, 0x0a, 0x00, 0x00, 0x00, 0xd8, 0x00,
	0x00, 0x64, 0x00, 0x00, 0x00, 0x00, 0x00, 0x00, 0x00, 0x00, 0x00, 0x00,
	0x00, 0x00, 0x00, 0x00, 0xff, 0xff, 0xff, 0xff, 0xff, 0xff, 0xff, 0xff,
	0x00, 0x27, 0x00, 0x00, 0x00, 0x00, 0x00, 0x00, 0x00, 0x00, 0x00, 0x00,
	0xff, 0xff, 0xff, 0x0f, 0xff, 0xff, 0xff, 0x0f, 0xff, 0xff, 0xff, 0x0f,
	0xff, 0xff, 0xff, 0x0f, 0xff, 0xff, 0xff, 0x0f, 0xff, 0xff, 0xff, 0x0f,
	0xff, 0xff, 0xff, 0x0f, 0x00, 0x50, 0x00, 0x00, 0x00, 0x09, 0x00, 0x00,
	0x00, 0x00, 0x0a, 0x00, 0x00, 0x00, 0xd8, 0x00, 0x00, 0x27, 0x00, 0x00,
	0x00, 0x16, 0x00, 0x00, 0xa5, 0x21, 0x00, 0x00, 0x7f, 0x0b, 0x00, 0x00,
	0xff, 0xff, 0xff, 0xff, 0xff, 0xff, 0xff, 0xff, 0x00, 0x40, 0x00, 0x00,
	0x3b, 0x0a, 0x00, 0x00, 0x03, 0x00, 0x00, 0x00, 0xff, 0xff, 0xff, 0x0f,
	0xff, 0xff, 0xff, 0x0f, 0xff, 0xff, 0xff, 0x0f, 0xff, 0xff, 0xff, 0x0f,
	0xff, 0xff, 0xff, 0x0f, 0xff, 0xff, 0xff, 0x0f, 0xff, 0xff, 0xff, 0x0f,
	0x00, 0x50, 0x00, 0x00, 0x00, 0x09, 0x00, 0x00, 0x00, 0x00, 0x0a, 0x00,
	0x00, 0x00, 0xd8, 0x00, 0x00, 0x64, 0x00, 0x00, 0x00, 0x00, 0x00, 0x00,
	0x00, 0x00, 0x00, 0x00, 0x00, 0x00, 0x00, 0x00, 0xff, 0xff, 0xff, 0xff,
	0xff, 0xff, 0xff, 0xff, 0xff, 0x00, 0x04, 0x67, 0x00, 0x00, 0x04, 0xff,
	0xff, 0xff, 0xff, 0xff, 0xff, 0xff, 0xff, 0xff, 0x00, 0x50, 0x00, 0x00,
	0xfa, 0x2d, 0x00, 0x00, 0x27, 0x00, 0x00, 0x00, 0xff, 0xff, 0xff, 0x0f,
	0xff, 0xff, 0xff, 0x0f, 0x01, 0x00, 0x00, 0x00, 0xff, 0xff, 0xff, 0x0f,
	0xff, 0xff, 0xff, 0x0f, 0xff, 0xff, 0xff, 0x0f, 0xff, 0xff, 0xff, 0x0f,
	0x00, 0x00, 0x00, 0x00, 0x00, 0x09, 0x00, 0x00, 0x00, 0x00, 0x0a, 0x00,
	0x00, 0x00, 0xd8, 0x00, 0x00, 0x64, 0x00, 0x00, 0x00, 0x00, 0x00, 0x00,
	0x00, 0x00, 0x00, 0x00, 0x00, 0x00, 0x00, 0x00, 0xff, 0xff, 0xff, 0xff,
	0xff, 0xff, 0xff, 0xff, 0xff, 0xff, 0xff, 0xff, 0xff, 0xff, 0xff, 0xff,
	0xff, 0xff, 0xff, 0xff, 0xff, 0xff, 0xff, 0xff, 0xff, 0xff, 0xff, 0xff,
	0xff, 0xff, 0xff, 0xff, 0xff, 0xff, 0xff, 0xff, 0xff, 0xff, 0xff, 0xff,
	0xff, 0xff, 0xff, 0xff, 0xff, 0xff, 0xff, 0xff, 0xff, 0xff, 0xff, 0xff,
	0xff, 0xff, 0xff, 0xff, 0xff, 0xff, 0xff, 0xff, 0xff, 0xff, 0xff, 0xff,
	0xff, 0xff, 0xff, 0xff, 0xff, 0xff, 0xff, 0xff, 0xff, 0xff, 0xff, 0xff,
	0xff, 0xff, 0xff, 0xff, 0xff, 0xff, 0xff, 0xff, 0xff, 0xff, 0xff, 0xff,
	0xff, 0xff, 0xff, 0xff, 0xff, 0xff, 0xff, 0xff, 0xff, 0xff, 0xff, 0xff,
	0xff, 0xff, 0xff, 0xff, 0xff, 0xff, 0xff, 0xff, 0xff, 0xff, 0xff, 0xff,
	0xff, 0xff, 0xff, 0xff, 0xff, 0xff, 0xff, 0xff, 0xff, 0xff, 0xff, 0xff,
	0xff, 0xff, 0xff, 0xff, 0xff, 0xff, 0xff, 0xff, 0xff, 0xff, 0xff, 0xff,
	0xff, 0xff, 0xff, 0xff, 0xff, 0xff, 0xff, 0xff, 0xff, 0xff, 0xff, 0xff,
	0xff, 0xff, 0xff, 0xff, 0xff, 0xff, 0xff, 0xff, 0xff, 0xff, 0xff, 0xff,
	0xff, 0xff, 0xff, 0xff, 0xff, 0xff, 0xff, 0xff, 0xff, 0xff, 0xff, 0xff,
	0xff, 0xff, 0xff, 0xff, 0xff, 0xff, 0xff, 0xff, 0xff, 0xff, 0xff, 0xff,
	0xff, 0xff, 0xff, 0xff, 0xff, 0xff, 0xff, 0xff, 0xff, 0xff, 0xff, 0xff,
	0xff, 0xff, 0xff, 0xff, 0xff, 0xff, 0xff, 0xff, 0xff, 0xff, 0xff, 0xff,
	0xff, 0xff, 0xff, 0xff, 0xff, 0xff
};

static const u8 autoservo_param_a_denali_hynix[] = {
	0x00, 0x04, 0x67, 0x00, 0x00, 0x04, 0x67, 0x00, 0x00, 0x04, 0x67, 0x00,
	0x00, 0x04, 0x67, 0x00, 0x00, 0x04, 0x00, 0x04, 0x00, 0x04, 0x00, 0x04,
	0xff, 0xff, 0xff, 0xff, 0xff, 0xff, 0xff, 0xff, 0x00, 0x5b, 0x00, 0x00,
	0x05, 0x17, 0x00, 0x00, 0x25, 0x00, 0x00, 0x00, 0xff, 0xff, 0xff, 0x0f,
	0xff, 0xff, 0xff, 0x0f, 0xff, 0xff, 0xff, 0x0f, 0xff, 0xff, 0xff, 0x0f,
	0xff, 0xff, 0xff, 0x0f, 0xff, 0xff, 0xff, 0x0f, 0xff, 0xff, 0xff, 0x0f,
	0xe8, 0x5d, 0x00, 0x00, 0x50, 0x46, 0x00, 0x00, 0x00, 0x80, 0x02, 0x00,
	0xe0, 0x9c, 0x41, 0x00, 0x00, 0x64, 0x00, 0x00, 0x00, 0x00, 0x00, 0x00,
	0x00, 0x00, 0x00, 0x00, 0x00, 0x00, 0x00, 0x00, 0xff, 0xff, 0xff, 0xff,
	0xff, 0xff, 0xff, 0xff, 0x00, 0x50, 0x00, 0x00, 0x3b, 0x0a, 0x00, 0x00,
	0x03, 0x00, 0x00, 0x00, 0xff, 0xff, 0xff, 0x0f, 0xff, 0xff, 0xff, 0x0f,
	0xff, 0xff, 0xff, 0x0f, 0xff, 0xff, 0xff, 0x0f, 0xff, 0xff, 0xff, 0x0f,
	0xff, 0xff, 0xff, 0x0f, 0xff, 0xff, 0xff, 0x0f, 0x00, 0x50, 0x00, 0x00,
	0x00, 0x09, 0x00, 0x00, 0x00, 0x00, 0x0a, 0x00, 0x00, 0x00, 0xd8, 0x00,
	0x00, 0x64, 0x00, 0x00, 0x00, 0x00, 0x00, 0x00, 0x00, 0x00, 0x00, 0x00,
	0x00, 0x00, 0x00, 0x00, 0xff, 0xff, 0xff, 0xff, 0xff, 0xff, 0xff, 0xff,
	0x00, 0x27, 0x00, 0x00, 0x00, 0x00, 0x00, 0x00, 0x00, 0x00, 0x00, 0x00,
	0xff, 0xff, 0xff, 0x0f, 0xff, 0xff, 0xff, 0x0f, 0xff, 0xff, 0xff, 0x0f,
	0xff, 0xff, 0xff, 0x0f, 0xff, 0xff, 0xff, 0x0f, 0xff, 0xff, 0xff, 0x0f,
	0xff, 0xff, 0xff, 0x0f, 0x00, 0x00, 0x00, 0x00, 0x00, 0x09, 0x00, 0x00,
	0x00, 0x00, 0x0a, 0x00, 0x00, 0x00, 0xd8, 0x00, 0x00, 0x27, 0x00, 0x00,
	0x00, 0x00, 0x00, 0x00, 0x00, 0x00, 0x00, 0x00, 0x00, 0x00, 0x00, 0x00,
	0xff, 0xff, 0xff, 0xff, 0xff, 0xff, 0xff, 0xff, 0x00, 0x45, 0x00, 0x00,
	0x3b, 0x0a, 0x00, 0x00, 0x03, 0x00, 0x00, 0x00, 0xff, 0xff, 0xff, 0x0f,
	0xff, 0xff, 0xff, 0x0f, 0xff, 0xff, 0xff, 0x0f, 0xff, 0xff, 0xff, 0x0f,
	0xff, 0xff, 0xff, 0x0f, 0xff, 0xff, 0xff, 0x0f, 0xff, 0xff, 0xff, 0x0f,
	0x00, 0x50, 0x00, 0x00, 0x00, 0x09, 0x00, 0x00, 0x00, 0x00, 0x0a, 0x00,
	0x00, 0x00, 0xd8, 0x00, 0x00, 0x64, 0x00, 0x00, 0x00, 0x00, 0x00, 0x00,
	0x00, 0x00, 0x00, 0x00, 0x00, 0x00, 0x00, 0x00, 0xff, 0xff, 0xff, 0xff,
	0xff, 0xff, 0xff, 0xff, 0x00, 0x04, 0xbe, 0x00, 0x00, 0x04, 0xbe, 0x00,
	0x00, 0x04, 0xbe, 0x00, 0x00, 0x04, 0xbe, 0x00, 0x00, 0x04, 0x00, 0x04,
	0xd5, 0x00, 0x00, 0x04, 0xff, 0xff, 0xff, 0xff, 0xff, 0xff, 0xff, 0xff,
	0x00, 0x5b, 0x00, 0x00, 0x05, 0x17, 0x00, 0x00, 0x25, 0x00, 0x00, 0x00,
	0xff, 0xff, 0xff, 0x0f, 0xff, 0xff, 0xff, 0x0f, 0xff, 0xff, 0xff, 0x0f,
	0xff, 0xff, 0xff, 0x0f, 0xff, 0xff, 0xff, 0x0f, 0xff, 0xff, 0xff, 0x0f,
	0xff, 0xff, 0xff, 0x0f, 0xe8, 0x5d, 0x00, 0x00, 0x50, 0x46, 0x00, 0x00,
	0x00, 0x80, 0x02, 0x00, 0xe0, 0x9c, 0x41, 0x00, 0x00, 0x64, 0x00, 0x00,
	0x00, 0x00, 0x00, 0x00, 0x00, 0x00, 0x00, 0x00, 0x00, 0x00, 0x00, 0x00,
	0xff, 0xff, 0xff, 0xff, 0xff, 0xff, 0xff, 0xff, 0x00, 0x50, 0x00, 0x00,
	0x3b, 0x0a, 0x00, 0x00, 0x06, 0x00, 0x00, 0x00, 0xff, 0xff, 0xff, 0x0f,
	0xff, 0xff, 0xff, 0x0f, 0xff, 0xff, 0xff, 0x0f, 0xff, 0xff, 0xff, 0x0f,
	0xff, 0xff, 0xff, 0x0f, 0xff, 0xff, 0xff, 0x0f, 0xff, 0xff, 0xff, 0x0f,
	0x00, 0x50, 0x00, 0x00, 0x00, 0x09, 0x00, 0x00, 0x00, 0x00, 0x0a, 0x00,
	0x00, 0x00, 0xd8, 0x00, 0x00, 0x64, 0x00, 0x00, 0x00, 0x00, 0x00, 0x00,
	0x00, 0x00, 0x00, 0x00, 0x00, 0x00, 0x00, 0x00, 0xff, 0xff, 0xff, 0xff,
	0xff, 0xff, 0xff, 0xff, 0x00, 0x27, 0x00, 0x00, 0x00, 0x00, 0x00, 0x00,
	0x00, 0x00, 0x00, 0x00, 0xff, 0xff, 0xff, 0x0f, 0xff, 0xff, 0xff, 0x0f,
	0xff, 0xff, 0xff, 0x0f, 0xff, 0xff, 0xff, 0x0f, 0xff, 0xff, 0xff, 0x0f,
	0xff, 0xff, 0xff, 0x0f, 0xff, 0xff, 0xff, 0x0f, 0x00, 0x50, 0x00, 0x00,
	0x00, 0x09, 0x00, 0x00, 0x00, 0x00, 0x0a, 0x00, 0x00, 0x00, 0xd8, 0x00,
	0x00, 0x27, 0x00, 0x00, 0x00, 0x16, 0x00, 0x00, 0xa5, 0x21, 0x00, 0x00,
	0x7f, 0x0b, 0x00, 0x00, 0xff, 0xff, 0xff, 0xff, 0xff, 0xff, 0xff, 0xff,
	0x00, 0x45, 0x00, 0x00, 0x3b, 0x0a, 0x00, 0x00, 0x03, 0x00, 0x00, 0x00,
	0xff, 0xff, 0xff, 0x0f, 0xff, 0xff, 0xff, 0x0f, 0xff, 0xff, 0xff, 0x0f,
	0xff, 0xff, 0xff, 0x0f, 0xff, 0xff, 0xff, 0x0f, 0xff, 0xff, 0xff, 0x0f,
	0xff, 0xff, 0xff, 0x0f, 0x00, 0x50, 0x00, 0x00, 0x00, 0x09, 0x00, 0x00,
	0x00, 0x00, 0x0a, 0x00, 0x00, 0x00, 0xd8, 0x00, 0x00, 0x64, 0x00, 0x00,
	0x00, 0x00, 0x00, 0x00, 0x00, 0x00, 0x00, 0x00, 0x00, 0x00, 0x00, 0x00,
	0xff, 0xff, 0xff, 0xff, 0xff, 0xff, 0xff, 0xff, 0x00, 0x04, 0x67, 0x00,
	0x00, 0x04, 0x67, 0x00, 0x00, 0x04, 0x67, 0x00, 0x00, 0x04, 0x67, 0x00,
	0x00, 0x04, 0x00, 0x04, 0x00, 0x04, 0x00, 0x04, 0xff, 0xff, 0xff, 0xff,
	0xff, 0xff, 0xff, 0xff, 0x00, 0x5b, 0x00, 0x00, 0x05, 0x17, 0x00, 0x00,
	0x25, 0x00, 0x00, 0x00, 0xff, 0xff, 0xff, 0x0f, 0xff, 0xff, 0xff, 0x0f,
	0xff, 0xff, 0xff, 0x0f, 0xff, 0xff, 0xff, 0x0f, 0xff, 0xff, 0xff, 0x0f,
	0xff, 0xff, 0xff, 0x0f, 0xff, 0xff, 0xff, 0x0f, 0xe8, 0x5d, 0x00, 0x00,
	0x50, 0x46, 0x00, 0x00, 0x00, 0x80, 0x02, 0x00, 0xe0, 0x9c, 0x41, 0x00,
	0x00, 0x64, 0x00, 0x00, 0x00, 0x00, 0x00, 0x00, 0x00, 0x00, 0x00, 0x00,
	0x00, 0x00, 0x00, 0x00, 0xff, 0xff, 0xff, 0xff, 0xff, 0xff, 0xff, 0xff,
	0x00, 0x50, 0x00, 0x00, 0x3b, 0x0a, 0x00, 0x00, 0x03, 0x00, 0x00, 0x00,
	0xff, 0xff, 0xff, 0x0f, 0xff, 0xff, 0xff, 0x0f, 0xff, 0xff, 0xff, 0x0f,
	0xff, 0xff, 0xff, 0x0f, 0xff, 0xff, 0xff, 0x0f, 0xff, 0xff, 0xff, 0x0f,
	0xff, 0xff, 0xff, 0x0f, 0x00, 0x50, 0x00, 0x00, 0x00, 0x09, 0x00, 0x00,
	0x00, 0x00, 0x0a, 0x00, 0x00, 0x00, 0xd8, 0x00, 0x00, 0x64, 0x00, 0x00,
	0x00, 0x00, 0x00, 0x00, 0x00, 0x00, 0x00, 0x00, 0x00, 0x00, 0x00, 0x00,
	0xff, 0xff, 0xff, 0xff, 0xff, 0xff, 0xff, 0xff, 0x00, 0x27, 0x00, 0x00,
	0x00, 0x00, 0x00, 0x00, 0x00, 0x00, 0x00, 0x00, 0xff, 0xff, 0xff, 0x0f,
	0xff, 0xff, 0xff, 0x0f, 0xff, 0xff, 0xff, 0x0f, 0xff, 0xff, 0xff, 0x0f,
	0xff, 0xff, 0xff, 0x0f, 0xff, 0xff, 0xff, 0x0f, 0xff, 0xff, 0xff, 0x0f,
	0x00, 0x50, 0x00, 0x00, 0x00, 0x09, 0x00, 0x00, 0x00, 0x00, 0x0a, 0x00,
	0x00, 0x00, 0xd8, 0x00, 0x00, 0x27, 0x00, 0x00, 0x00, 0x00, 0x00, 0x00,
	0xcd, 0x28, 0x00, 0x00, 0x00, 0x00, 0x00, 0x00, 0xff, 0xff, 0xff, 0xff,
	0xff, 0xff, 0xff, 0xff, 0x00, 0x45, 0x00, 0x00, 0x3b, 0x0a, 0x00, 0x00,
	0x03, 0x00, 0x00, 0x00, 0xff, 0xff, 0xff, 0x0f, 0xff, 0xff, 0xff, 0x0f,
	0xff, 0xff, 0xff, 0x0f, 0xff, 0xff, 0xff, 0x0f, 0xff, 0xff, 0xff, 0x0f,
	0xff, 0xff, 0xff, 0x0f, 0xff, 0xff, 0xff, 0x0f, 0x00, 0x50, 0x00, 0x00,
	0x00, 0x09, 0x00, 0x00, 0x00, 0x00, 0x0a, 0x00, 0x00, 0x00, 0xd8, 0x00,
	0x00, 0x55, 0x00, 0x00, 0x00, 0x00, 0x00, 0x00, 0x00, 0x00, 0x00, 0x00,
	0x00, 0x00, 0x00, 0x00, 0xff, 0xff, 0xff, 0xff, 0xff, 0xff, 0xff, 0xff,
	0x00, 0x04, 0xbe, 0x00, 0x00, 0x04, 0xbe, 0x00, 0x00, 0x04, 0xbe, 0x00,
	0x00, 0x04, 0xbe, 0x00, 0x00, 0x04, 0x00, 0x04, 0xd5, 0x00, 0x00, 0x04,
	0xff, 0xff, 0xff, 0xff, 0xff, 0xff, 0xff, 0xff, 0x00, 0x56, 0x00, 0x00,
	0x05, 0x17, 0x00, 0x00, 0x25, 0x00, 0x00, 0x00, 0xff, 0xff, 0xff, 0x0f,
	0xff, 0xff, 0xff, 0x0f, 0xff, 0xff, 0xff, 0x0f, 0xff, 0xff, 0xff, 0x0f,
	0xff, 0xff, 0xff, 0x0f, 0xff, 0xff, 0xff, 0x0f, 0xff, 0xff, 0xff, 0x0f,
	0xe8, 0x5d, 0x00, 0x00, 0x50, 0x46, 0x00, 0x00, 0x00, 0x80, 0x02, 0x00,
	0x00, 0x00, 0xd8, 0x00, 0x00, 0x64, 0x00, 0x00, 0x00, 0x00, 0x00, 0x00,
	0x00, 0x00, 0x00, 0x00, 0x00, 0x00, 0x00, 0x00, 0xff, 0xff, 0xff, 0xff,
	0xff, 0xff, 0xff, 0xff, 0x00, 0x4e, 0x00, 0x00, 0x3b, 0x0a, 0x00, 0x00,
	0x06, 0x00, 0x00, 0x00, 0xff, 0xff, 0xff, 0x0f, 0xff, 0xff, 0xff, 0x0f,
	0xff, 0xff, 0xff, 0x0f, 0xff, 0xff, 0xff, 0x0f, 0xff, 0xff, 0xff, 0x0f,
	0xff, 0xff, 0xff, 0x0f, 0xff, 0xff, 0xff, 0x0f, 0x00, 0x50, 0x00, 0x00,
	0x00, 0x09, 0x00, 0x00, 0x00, 0x00, 0x0a, 0x00, 0x00, 0x00, 0xd8, 0x00,
	0x00, 0x64, 0x00, 0x00, 0x00, 0x00, 0x00, 0x00, 0x00, 0x00, 0x00, 0x00,
	0x00, 0x00, 0x00, 0x00, 0xff, 0xff, 0xff, 0xff, 0xff, 0xff, 0xff, 0xff,
	0x00, 0x27, 0x00, 0x00, 0x00, 0x00, 0x00, 0x00, 0x00, 0x00, 0x00, 0x00,
	0xff, 0xff, 0xff, 0x0f, 0xff, 0xff, 0xff, 0x0f, 0xff, 0xff, 0xff, 0x0f,
	0xff, 0xff, 0xff, 0x0f, 0xff, 0xff, 0xff, 0x0f, 0xff, 0xff, 0xff, 0x0f,
	0xff, 0xff, 0xff, 0x0f, 0x00, 0x50, 0x00, 0x00, 0x00, 0x09, 0x00, 0x00,
	0x00, 0x00, 0x0a, 0x00, 0x00, 0x00, 0xd8, 0x00, 0x00, 0x27, 0x00, 0x00,
	0x00, 0x16, 0x00, 0x00, 0xa5, 0x21, 0x00, 0x00, 0x7f, 0x0b, 0x00, 0x00,
	0xff, 0xff, 0xff, 0xff, 0xff, 0xff, 0xff, 0xff, 0x00, 0x40, 0x00, 0x00,
	0x3b, 0x0a, 0x00, 0x00, 0x03, 0x00, 0x00, 0x00, 0xff, 0xff, 0xff, 0x0f,
	0xff, 0xff, 0xff, 0x0f, 0xff, 0xff, 0xff, 0x0f, 0xff, 0xff, 0xff, 0x0f,
	0xff, 0xff, 0xff, 0x0f, 0xff, 0xff, 0xff, 0x0f, 0xff, 0xff, 0xff, 0x0f,
	0x00, 0x50, 0x00, 0x00, 0x00, 0x09, 0x00, 0x00, 0x00, 0x00, 0x0a, 0x00,
	0x00, 0x00, 0xd8, 0x00, 0x00, 0x64, 0x00, 0x00, 0x00, 0x00, 0x00, 0x00,
	0x00, 0x00, 0x00, 0x00, 0x00, 0x00, 0x00, 0x00, 0xff, 0xff, 0xff, 0xff,
	0xff, 0xff, 0xff, 0xff, 0xff, 0x00, 0x04, 0x67, 0x00, 0x00, 0x04, 0xff,
	0xff, 0xff, 0xff, 0xff, 0xff, 0xff, 0xff, 0xff, 0x00, 0x50, 0x00, 0x00,
	0xfa, 0x2d, 0x00, 0x00, 0x27, 0x00, 0x00, 0x00, 0xff, 0xff, 0xff, 0x0f,
	0xff, 0xff, 0xff, 0x0f, 0x01, 0x00, 0x00, 0x00, 0xff, 0xff, 0xff, 0x0f,
	0xff, 0xff, 0xff, 0x0f, 0xff, 0xff, 0xff, 0x0f, 0xff, 0xff, 0xff, 0x0f,
	0x00, 0x00, 0x00, 0x00, 0x00, 0x09, 0x00, 0x00, 0x00, 0x00, 0x0a, 0x00,
	0x00, 0x00, 0xd8, 0x00, 0x00, 0x64, 0x00, 0x00, 0x00, 0x00, 0x00, 0x00,
	0x00, 0x00, 0x00, 0x00, 0x00, 0x00, 0x00, 0x00, 0xff, 0xff, 0xff, 0xff,
	0xff, 0xff, 0xff, 0xff, 0xff, 0xff, 0xff, 0xff, 0xff, 0xff, 0xff, 0xff,
	0xff, 0xff, 0xff, 0xff, 0xff, 0xff, 0xff, 0xff, 0xff, 0xff, 0xff, 0xff,
	0xff, 0xff, 0xff, 0xff, 0xff, 0xff, 0xff, 0xff, 0xff, 0xff, 0xff, 0xff,
	0xff, 0xff, 0xff, 0xff, 0xff, 0xff, 0xff, 0xff, 0xff, 0xff, 0xff, 0xff,
	0xff, 0xff, 0xff, 0xff, 0xff, 0xff, 0xff, 0xff, 0xff, 0xff, 0xff, 0xff,
	0xff, 0xff, 0xff, 0xff, 0xff, 0xff, 0xff, 0xff, 0xff, 0xff, 0xff, 0xff,
	0xff, 0xff, 0xff, 0xff, 0xff, 0xff, 0xff, 0xff, 0xff, 0xff, 0xff, 0xff,
	0xff, 0xff, 0xff, 0xff, 0xff, 0xff, 0xff, 0xff, 0xff, 0xff, 0xff, 0xff,
	0xff, 0xff, 0xff, 0xff, 0xff, 0xff, 0xff, 0xff, 0xff, 0xff, 0xff, 0xff,
	0xff, 0xff, 0xff, 0xff, 0xff, 0xff, 0xff, 0xff, 0xff, 0xff, 0xff, 0xff,
	0xff, 0xff, 0xff, 0xff, 0xff, 0xff, 0xff, 0xff, 0xff, 0xff, 0xff, 0xff,
	0xff, 0xff, 0xff, 0xff, 0xff, 0xff, 0xff, 0xff, 0xff, 0xff, 0xff, 0xff,
	0xff, 0xff, 0xff, 0xff, 0xff, 0xff, 0xff, 0xff, 0xff, 0xff, 0xff, 0xff,
	0xff, 0xff, 0xff, 0xff, 0xff, 0xff, 0xff, 0xff, 0xff, 0xff, 0xff, 0xff,
	0xff, 0xff, 0xff, 0xff, 0xff, 0xff, 0xff, 0xff, 0xff, 0xff, 0xff, 0xff,
	0xff, 0xff, 0xff, 0xff, 0xff, 0xff, 0xff, 0xff, 0xff, 0xff, 0xff, 0xff,
	0xff, 0xff, 0xff, 0xff, 0xff, 0xff, 0xff, 0xff, 0xff, 0xff, 0xff, 0xff,
	0xff, 0xff, 0xff, 0xff, 0xff, 0xff
};

static const u8 autoservo_param_a_denali_micron[] = {
	0x00, 0x04, 0x67, 0x00, 0x00, 0x04, 0x67, 0x00, 0x00, 0x04, 0x67, 0x00,
	0x00, 0x04, 0x67, 0x00, 0x00, 0x04, 0x00, 0x04, 0x00, 0x04, 0x00, 0x04,
	0xff, 0xff, 0xff, 0xff, 0xff, 0xff, 0xff, 0xff, 0x00, 0x5b, 0x00, 0x00,
	0x05, 0x17, 0x00, 0x00, 0x25, 0x00, 0x00, 0x00, 0xff, 0xff, 0xff, 0x0f,
	0xff, 0xff, 0xff, 0x0f, 0xff, 0xff, 0xff, 0x0f, 0xff, 0xff, 0xff, 0x0f,
	0xff, 0xff, 0xff, 0x0f, 0xff, 0xff, 0xff, 0x0f, 0xff, 0xff, 0xff, 0x0f,
	0xe8, 0x5d, 0x00, 0x00, 0x50, 0x46, 0x00, 0x00, 0x00, 0x80, 0x02, 0x00,
	0xe0, 0x9c, 0x41, 0x00, 0x00, 0x64, 0x00, 0x00, 0x00, 0x00, 0x00, 0x00,
	0x00, 0x00, 0x00, 0x00, 0x00, 0x00, 0x00, 0x00, 0xff, 0xff, 0xff, 0xff,
	0xff, 0xff, 0xff, 0xff, 0x40, 0x53, 0x00, 0x00, 0x3b, 0x0a, 0x00, 0x00,
	0x03, 0x00, 0x00, 0x00, 0xff, 0xff, 0xff, 0x0f, 0xff, 0xff, 0xff, 0x0f,
	0xff, 0xff, 0xff, 0x0f, 0xff, 0xff, 0xff, 0x0f, 0xff, 0xff, 0xff, 0x0f,
	0xff, 0xff, 0xff, 0x0f, 0xff, 0xff, 0xff, 0x0f, 0x00, 0x50, 0x00, 0x00,
	0x00, 0x09, 0x00, 0x00, 0x00, 0x00, 0x0a, 0x00, 0x00, 0x00, 0xd8, 0x00,
	0x00, 0x64, 0x00, 0x00, 0x00, 0x00, 0x00, 0x00, 0x00, 0x00, 0x00, 0x00,
	0x00, 0x00, 0x00, 0x00, 0xff, 0xff, 0xff, 0xff, 0xff, 0xff, 0xff, 0xff,
	0x00, 0x27, 0x00, 0x00, 0x00, 0x00, 0x00, 0x00, 0x00, 0x00, 0x00, 0x00,
	0xff, 0xff, 0xff, 0x0f, 0xff, 0xff, 0xff, 0x0f, 0xff, 0xff, 0xff, 0x0f,
	0xff, 0xff, 0xff, 0x0f, 0xff, 0xff, 0xff, 0x0f, 0xff, 0xff, 0xff, 0x0f,
	0xff, 0xff, 0xff, 0x0f, 0x00, 0x00, 0x00, 0x00, 0x00, 0x09, 0x00, 0x00,
	0x00, 0x00, 0x0a, 0x00, 0x00, 0x00, 0xd8, 0x00, 0x00, 0x27, 0x00, 0x00,
	0x00, 0x00, 0x00, 0x00, 0x00, 0x00, 0x00, 0x00, 0x00, 0x00, 0x00, 0x00,
	0xff, 0xff, 0xff, 0xff, 0xff, 0xff, 0xff, 0xff, 0x00, 0x45, 0x00, 0x00,
	0x3b, 0x0a, 0x00, 0x00, 0x03, 0x00, 0x00, 0x00, 0xff, 0xff, 0xff, 0x0f,
	0xff, 0xff, 0xff, 0x0f, 0xff, 0xff, 0xff, 0x0f, 0xff, 0xff, 0xff, 0x0f,
	0xff, 0xff, 0xff, 0x0f, 0xff, 0xff, 0xff, 0x0f, 0xff, 0xff, 0xff, 0x0f,
	0x00, 0x50, 0x00, 0x00, 0x00, 0x09, 0x00, 0x00, 0x00, 0x00, 0x0a, 0x00,
	0x00, 0x00, 0xd8, 0x00, 0x00, 0x64, 0x00, 0x00, 0x00, 0x00, 0x00, 0x00,
	0x00, 0x00, 0x00, 0x00, 0x00, 0x00, 0x00, 0x00, 0xff, 0xff, 0xff, 0xff,
	0xff, 0xff, 0xff, 0xff, 0x00, 0x04, 0xbe, 0x00, 0x00, 0x04, 0xbe, 0x00,
	0x00, 0x04, 0xbe, 0x00, 0x00, 0x04, 0xbe, 0x00, 0x00, 0x04, 0x00, 0x04,
	0xe3, 0x00, 0x00, 0x04, 0xff, 0xff, 0xff, 0xff, 0xff, 0xff, 0xff, 0xff,
	0x00, 0x5b, 0x00, 0x00, 0x05, 0x17, 0x00, 0x00, 0x25, 0x00, 0x00, 0x00,
	0xff, 0xff, 0xff, 0x0f, 0xff, 0xff, 0xff, 0x0f, 0xff, 0xff, 0xff, 0x0f,
	0xff, 0xff, 0xff, 0x0f, 0xff, 0xff, 0xff, 0x0f, 0xff, 0xff, 0xff, 0x0f,
	0xff, 0xff, 0xff, 0x0f, 0xe8, 0x5d, 0x00, 0x00, 0x50, 0x46, 0x00, 0x00,
	0x00, 0x80, 0x02, 0x00, 0xe0, 0x9c, 0x41, 0x00, 0x00, 0x64, 0x00, 0x00,
	0x00, 0x00, 0x00, 0x00, 0x00, 0x00, 0x00, 0x00, 0x00, 0x00, 0x00, 0x00,
	0xff, 0xff, 0xff, 0xff, 0xff, 0xff, 0xff, 0xff, 0x40, 0x53, 0x00, 0x00,
	0x3b, 0x0a, 0x00, 0x00, 0x06, 0x00, 0x00, 0x00, 0xff, 0xff, 0xff, 0x0f,
	0xff, 0xff, 0xff, 0x0f, 0xff, 0xff, 0xff, 0x0f, 0xff, 0xff, 0xff, 0x0f,
	0xff, 0xff, 0xff, 0x0f, 0xff, 0xff, 0xff, 0x0f, 0xff, 0xff, 0xff, 0x0f,
	0x00, 0x50, 0x00, 0x00, 0x00, 0x09, 0x00, 0x00, 0x00, 0x00, 0x0a, 0x00,
	0x00, 0x00, 0xd8, 0x00, 0x00, 0x64, 0x00, 0x00, 0x00, 0x00, 0x00, 0x00,
	0x00, 0x00, 0x00, 0x00, 0x00, 0x00, 0x00, 0x00, 0xff, 0xff, 0xff, 0xff,
	0xff, 0xff, 0xff, 0xff, 0x00, 0x27, 0x00, 0x00, 0x00, 0x00, 0x00, 0x00,
	0x00, 0x00, 0x00, 0x00, 0xff, 0xff, 0xff, 0x0f, 0xff, 0xff, 0xff, 0x0f,
	0xff, 0xff, 0xff, 0x0f, 0xff, 0xff, 0xff, 0x0f, 0xff, 0xff, 0xff, 0x0f,
	0xff, 0xff, 0xff, 0x0f, 0xff, 0xff, 0xff, 0x0f, 0x00, 0x50, 0x00, 0x00,
	0x00, 0x09, 0x00, 0x00, 0x00, 0x00, 0x0a, 0x00, 0x00, 0x00, 0xd8, 0x00,
	0x00, 0x27, 0x00, 0x00, 0x00, 0x13, 0x00, 0x00, 0xa5, 0x21, 0x00, 0x00,
	0x84, 0x12, 0x00, 0x00, 0xff, 0xff, 0xff, 0xff, 0xff, 0xff, 0xff, 0xff,
	0x00, 0x45, 0x00, 0x00, 0x3b, 0x0a, 0x00, 0x00, 0x03, 0x00, 0x00, 0x00,
	0xff, 0xff, 0xff, 0x0f, 0xff, 0xff, 0xff, 0x0f, 0xff, 0xff, 0xff, 0x0f,
	0xff, 0xff, 0xff, 0x0f, 0xff, 0xff, 0xff, 0x0f, 0xff, 0xff, 0xff, 0x0f,
	0xff, 0xff, 0xff, 0x0f, 0x00, 0x50, 0x00, 0x00, 0x00, 0x09, 0x00, 0x00,
	0x00, 0x00, 0x0a, 0x00, 0x00, 0x00, 0xd8, 0x00, 0x00, 0x64, 0x00, 0x00,
	0x00, 0x00, 0x00, 0x00, 0x00, 0x00, 0x00, 0x00, 0x00, 0x00, 0x00, 0x00,
	0xff, 0xff, 0xff, 0xff, 0xff, 0xff, 0xff, 0xff, 0x00, 0x04, 0x67, 0x00,
	0x00, 0x04, 0x67, 0x00, 0x00, 0x04, 0x67, 0x00, 0x00, 0x04, 0x67, 0x00,
	0x00, 0x04, 0x00, 0x04, 0x00, 0x04, 0x00, 0x04, 0xff, 0xff, 0xff, 0xff,
	0xff, 0xff, 0xff, 0xff, 0x00, 0x5b, 0x00, 0x00, 0x05, 0x17, 0x00, 0x00,
	0x25, 0x00, 0x00, 0x00, 0xff, 0xff, 0xff, 0x0f, 0xff, 0xff, 0xff, 0x0f,
	0xff, 0xff, 0xff, 0x0f, 0xff, 0xff, 0xff, 0x0f, 0xff, 0xff, 0xff, 0x0f,
	0xff, 0xff, 0xff, 0x0f, 0xff, 0xff, 0xff, 0x0f, 0xe8, 0x5d, 0x00, 0x00,
	0x50, 0x46, 0x00, 0x00, 0x00, 0x80, 0x02, 0x00, 0xe0, 0x9c, 0x41, 0x00,
	0x00, 0x64, 0x00, 0x00, 0x00, 0x00, 0x00, 0x00, 0x00, 0x00, 0x00, 0x00,
	0x00, 0x00, 0x00, 0x00, 0xff, 0xff, 0xff, 0xff, 0xff, 0xff, 0xff, 0xff,
	0x40, 0x53, 0x00, 0x00, 0x3b, 0x0a, 0x00, 0x00, 0x03, 0x00, 0x00, 0x00,
	0xff, 0xff, 0xff, 0x0f, 0xff, 0xff, 0xff, 0x0f, 0xff, 0xff, 0xff, 0x0f,
	0xff, 0xff, 0xff, 0x0f, 0xff, 0xff, 0xff, 0x0f, 0xff, 0xff, 0xff, 0x0f,
	0xff, 0xff, 0xff, 0x0f, 0x00, 0x50, 0x00, 0x00, 0x00, 0x09, 0x00, 0x00,
	0x00, 0x00, 0x0a, 0x00, 0x00, 0x00, 0xd8, 0x00, 0x00, 0x64, 0x00, 0x00,
	0x00, 0x00, 0x00, 0x00, 0x00, 0x00, 0x00, 0x00, 0x00, 0x00, 0x00, 0x00,
	0xff, 0xff, 0xff, 0xff, 0xff, 0xff, 0xff, 0xff, 0x00, 0x27, 0x00, 0x00,
	0x00, 0x00, 0x00, 0x00, 0x00, 0x00, 0x00, 0x00, 0xff, 0xff, 0xff, 0x0f,
	0xff, 0xff, 0xff, 0x0f, 0xff, 0xff, 0xff, 0x0f, 0xff, 0xff, 0xff, 0x0f,
	0xff, 0xff, 0xff, 0x0f, 0xff, 0xff, 0xff, 0x0f, 0xff, 0xff, 0xff, 0x0f,
	0x00, 0x50, 0x00, 0x00, 0x00, 0x09, 0x00, 0x00, 0x00, 0x00, 0x0a, 0x00,
	0x00, 0x00, 0xd8, 0x00, 0x00, 0x27, 0x00, 0x00, 0x00, 0x00, 0x00, 0x00,
	0xcd, 0x28, 0x00, 0x00, 0x00, 0x00, 0x00, 0x00, 0xff, 0xff, 0xff, 0xff,
	0xff, 0xff, 0xff, 0xff, 0x00, 0x45, 0x00, 0x00, 0x3b, 0x0a, 0x00, 0x00,
	0x03, 0x00, 0x00, 0x00, 0xff, 0xff, 0xff, 0x0f, 0xff, 0xff, 0xff, 0x0f,
	0xff, 0xff, 0xff, 0x0f, 0xff, 0xff, 0xff, 0x0f, 0xff, 0xff, 0xff, 0x0f,
	0xff, 0xff, 0xff, 0x0f, 0xff, 0xff, 0xff, 0x0f, 0x00, 0x50, 0x00, 0x00,
	0x00, 0x09, 0x00, 0x00, 0x00, 0x00, 0x0a, 0x00, 0x00, 0x00, 0xd8, 0x00,
	0x00, 0x55, 0x00, 0x00, 0x00, 0x00, 0x00, 0x00, 0x00, 0x00, 0x00, 0x00,
	0x00, 0x00, 0x00, 0x00, 0xff, 0xff, 0xff, 0xff, 0xff, 0xff, 0xff, 0xff,
	0x00, 0x04, 0xbe, 0x00, 0x00, 0x04, 0xbe, 0x00, 0x00, 0x04, 0xbe, 0x00,
	0x00, 0x04, 0xbe, 0x00, 0x00, 0x04, 0x00, 0x04, 0xe3, 0x00, 0x00, 0x04,
	0xff, 0xff, 0xff, 0xff, 0xff, 0xff, 0xff, 0xff, 0x00, 0x56, 0x00, 0x00,
	0x05, 0x17, 0x00, 0x00, 0x25, 0x00, 0x00, 0x00, 0xff, 0xff, 0xff, 0x0f,
	0xff, 0xff, 0xff, 0x0f, 0xff, 0xff, 0xff, 0x0f, 0xff, 0xff, 0xff, 0x0f,
	0xff, 0xff, 0xff, 0x0f, 0xff, 0xff, 0xff, 0x0f, 0xff, 0xff, 0xff, 0x0f,
	0xe8, 0x5d, 0x00, 0x00, 0x50, 0x46, 0x00, 0x00, 0x00, 0x80, 0x02, 0x00,
	0x00, 0x00, 0xd8, 0x00, 0x00, 0x64, 0x00, 0x00, 0x00, 0x00, 0x00, 0x00,
	0x00, 0x00, 0x00, 0x00, 0x00, 0x00, 0x00, 0x00, 0xff, 0xff, 0xff, 0xff,
	0xff, 0xff, 0xff, 0xff, 0x40, 0x51, 0x00, 0x00, 0x3b, 0x0a, 0x00, 0x00,
	0x06, 0x00, 0x00, 0x00, 0xff, 0xff, 0xff, 0x0f, 0xff, 0xff, 0xff, 0x0f,
	0xff, 0xff, 0xff, 0x0f, 0xff, 0xff, 0xff, 0x0f, 0xff, 0xff, 0xff, 0x0f,
	0xff, 0xff, 0xff, 0x0f, 0xff, 0xff, 0xff, 0x0f, 0x00, 0x50, 0x00, 0x00,
	0x00, 0x09, 0x00, 0x00, 0x00, 0x00, 0x0a, 0x00, 0x00, 0x00, 0xd8, 0x00,
	0x00, 0x64, 0x00, 0x00, 0x00, 0x00, 0x00, 0x00, 0x00, 0x00, 0x00, 0x00,
	0x00, 0x00, 0x00, 0x00, 0xff, 0xff, 0xff, 0xff, 0xff, 0xff, 0xff, 0xff,
	0x00, 0x27, 0x00, 0x00, 0x00, 0x00, 0x00, 0x00, 0x00, 0x00, 0x00, 0x00,
	0xff, 0xff, 0xff, 0x0f, 0xff, 0xff, 0xff, 0x0f, 0xff, 0xff, 0xff, 0x0f,
	0xff, 0xff, 0xff, 0x0f, 0xff, 0xff, 0xff, 0x0f, 0xff, 0xff, 0xff, 0x0f,
	0xff, 0xff, 0xff, 0x0f, 0x00, 0x50, 0x00, 0x00, 0x00, 0x09, 0x00, 0x00,
	0x00, 0x00, 0x0a, 0x00, 0x00, 0x00, 0xd8, 0x00, 0x00, 0x27, 0x00, 0x00,
	0x00, 0x13, 0x00, 0x00, 0xa5, 0x21, 0x00, 0x00, 0x84, 0x12, 0x00, 0x00,
	0xff, 0xff, 0xff, 0xff, 0xff, 0xff, 0xff, 0xff, 0x00, 0x40, 0x00, 0x00,
	0x3b, 0x0a, 0x00, 0x00, 0x03, 0x00, 0x00, 0x00, 0xff, 0xff, 0xff, 0x0f,
	0xff, 0xff, 0xff, 0x0f, 0xff, 0xff, 0xff, 0x0f, 0xff, 0xff, 0xff, 0x0f,
	0xff, 0xff, 0xff, 0x0f, 0xff, 0xff, 0xff, 0x0f, 0xff, 0xff, 0xff, 0x0f,
	0x00, 0x50, 0x00, 0x00, 0x00, 0x09, 0x00, 0x00, 0x00, 0x00, 0x0a, 0x00,
	0x00, 0x00, 0xd8, 0x00, 0x00, 0x64, 0x00, 0x00, 0x00, 0x00, 0x00, 0x00,
	0x00, 0x00, 0x00, 0x00, 0x00, 0x00, 0x00, 0x00, 0xff, 0xff, 0xff, 0xff,
	0xff, 0xff, 0xff, 0xff, 0xff, 0x00, 0x04, 0x67, 0x00, 0x00, 0x04, 0xff,
	0xff, 0xff, 0xff, 0xff, 0xff, 0xff, 0xff, 0xff, 0x00, 0x50, 0x00, 0x00,
	0xfa, 0x2d, 0x00, 0x00, 0x27, 0x00, 0x00, 0x00, 0xff, 0xff, 0xff, 0x0f,
	0xff, 0xff, 0xff, 0x0f, 0x01, 0x00, 0x00, 0x00, 0xff, 0xff, 0xff, 0x0f,
	0xff, 0xff, 0xff, 0x0f, 0xff, 0xff, 0xff, 0x0f, 0xff, 0xff, 0xff, 0x0f,
	0x00, 0x00, 0x00, 0x00, 0x00, 0x09, 0x00, 0x00, 0x00, 0x00, 0x0a, 0x00,
	0x00, 0x00, 0xd8, 0x00, 0x00, 0x64, 0x00, 0x00, 0x00, 0x00, 0x00, 0x00,
	0x00, 0x00, 0x00, 0x00, 0x00, 0x00, 0x00, 0x00, 0xff, 0xff, 0xff, 0xff,
	0xff, 0xff, 0xff, 0xff, 0xff, 0xff, 0xff, 0xff, 0xff, 0xff, 0xff, 0xff,
	0xff, 0xff, 0xff, 0xff, 0xff, 0xff, 0xff, 0xff, 0xff, 0xff, 0xff, 0xff,
	0xff, 0xff, 0xff, 0xff, 0xff, 0xff, 0xff, 0xff, 0xff, 0xff, 0xff, 0xff,
	0xff, 0xff, 0xff, 0xff, 0xff, 0xff, 0xff, 0xff, 0xff, 0xff, 0xff, 0xff,
	0xff, 0xff, 0xff, 0xff, 0xff, 0xff, 0xff, 0xff, 0xff, 0xff, 0xff, 0xff,
	0xff, 0xff, 0xff, 0xff, 0xff, 0xff, 0xff, 0xff, 0xff, 0xff, 0xff, 0xff,
	0xff, 0xff, 0xff, 0xff, 0xff, 0xff, 0xff, 0xff, 0xff, 0xff, 0xff, 0xff,
	0xff, 0xff, 0xff, 0xff, 0xff, 0xff, 0xff, 0xff, 0xff, 0xff, 0xff, 0xff,
	0xff, 0xff, 0xff, 0xff, 0xff, 0xff, 0xff, 0xff, 0xff, 0xff, 0xff, 0xff,
	0xff, 0xff, 0xff, 0xff, 0xff, 0xff, 0xff, 0xff, 0xff, 0xff, 0xff, 0xff,
	0xff, 0xff, 0xff, 0xff, 0xff, 0xff, 0xff, 0xff, 0xff, 0xff, 0xff, 0xff,
	0xff, 0xff, 0xff, 0xff, 0xff, 0xff, 0xff, 0xff, 0xff, 0xff, 0xff, 0xff,
	0xff, 0xff, 0xff, 0xff, 0xff, 0xff, 0xff, 0xff, 0xff, 0xff, 0xff, 0xff,
	0xff, 0xff, 0xff, 0xff, 0xff, 0xff, 0xff, 0xff, 0xff, 0xff, 0xff, 0xff,
	0xff, 0xff, 0xff, 0xff, 0xff, 0xff, 0xff, 0xff, 0xff, 0xff, 0xff, 0xff,
	0xff, 0xff, 0xff, 0xff, 0xff, 0xff, 0xff, 0xff, 0xff, 0xff, 0xff, 0xff,
	0xff, 0xff, 0xff, 0xff, 0xff, 0xff, 0xff, 0xff, 0xff, 0xff, 0xff, 0xff,
	0xff, 0xff, 0xff, 0xff, 0xff, 0xff
};

static const u8 autoservo_param_b_eiger_denali_samsung_d1x[] = {
	0x00, 0x04, 0x67, 0x00, 0x00, 0x04, 0x67, 0x00, 0x00, 0x04, 0x67, 0x00,
	0x00, 0x04, 0x67, 0x00, 0x00, 0x04, 0x00, 0x04, 0x00, 0x04, 0x00, 0x04,
	0xff, 0xff, 0xff, 0xff, 0xff, 0xff, 0xff, 0xff, 0x00, 0x5b, 0x00, 0x00,
	0x05, 0x17, 0x00, 0x00, 0x25, 0x00, 0x00, 0x00, 0xff, 0xff, 0xff, 0x0f,
	0xff, 0xff, 0xff, 0x0f, 0xff, 0xff, 0xff, 0x0f, 0xff, 0xff, 0xff, 0x0f,
	0xff, 0xff, 0xff, 0x0f, 0xff, 0xff, 0xff, 0x0f, 0xff, 0xff, 0xff, 0x0f,
	0xe8, 0x5d, 0x00, 0x00, 0x50, 0x46, 0x00, 0x00, 0x00, 0x80, 0x02, 0x00,
	0xe0, 0x9c, 0x41, 0x00, 0x00, 0x64, 0x00, 0x00, 0x00, 0x00, 0x00, 0x00,
	0x00, 0x00, 0x00, 0x00, 0x00, 0x00, 0x00, 0x00, 0xff, 0xff, 0xff, 0xff,
	0xff, 0xff, 0xff, 0xff, 0x00, 0x56, 0x00, 0x00, 0xb1, 0x1e, 0x00, 0x00,
	0x05, 0x00, 0x00, 0x00, 0xff, 0xff, 0xff, 0x0f, 0xff, 0xff, 0xff, 0x0f,
	0xff, 0xff, 0xff, 0x0f, 0xff, 0xff, 0xff, 0x0f, 0xff, 0xff, 0xff, 0x0f,
	0xff, 0xff, 0xff, 0x0f, 0xff, 0xff, 0xff, 0x0f, 0x00, 0x50, 0x00, 0x00,
	0x00, 0x09, 0x00, 0x00, 0x00, 0x00, 0x0a, 0x00, 0x00, 0x00, 0xd8, 0x00,
	0x00, 0x64, 0x00, 0x00, 0x00, 0x00, 0x00, 0x00, 0x00, 0x00, 0x00, 0x00,
	0x00, 0x00, 0x00, 0x00, 0xff, 0xff, 0xff, 0xff, 0xff, 0xff, 0xff, 0xff,
	0x00, 0x27, 0x00, 0x00, 0x00, 0x00, 0x00, 0x00, 0x00, 0x00, 0x00, 0x00,
	0xff, 0xff, 0xff, 0x0f, 0xff, 0xff, 0xff, 0x0f, 0xff, 0xff, 0xff, 0x0f,
	0xff, 0xff, 0xff, 0x0f, 0xff, 0xff, 0xff, 0x0f, 0xff, 0xff, 0xff, 0x0f,
	0xff, 0xff, 0xff, 0x0f, 0x00, 0x00, 0x00, 0x00, 0x00, 0x09, 0x00, 0x00,
	0x00, 0x00, 0x0a, 0x00, 0x00, 0x00, 0xd8, 0x00, 0x00, 0x27, 0x00, 0x00,
	0x00, 0x00, 0x00, 0x00, 0x00, 0x00, 0x00, 0x00, 0x00, 0x00, 0x00, 0x00,
	0xff, 0xff, 0xff, 0xff, 0xff, 0xff, 0xff, 0xff, 0x00, 0x48, 0x00, 0x00,
	0xb1, 0x1e, 0x00, 0x00, 0x05, 0x00, 0x00, 0x00, 0xff, 0xff, 0xff, 0x0f,
	0xff, 0xff, 0xff, 0x0f, 0xff, 0xff, 0xff, 0x0f, 0xff, 0xff, 0xff, 0x0f,
	0xff, 0xff, 0xff, 0x0f, 0xff, 0xff, 0xff, 0x0f, 0xff, 0xff, 0xff, 0x0f,
	0x00, 0x50, 0x00, 0x00, 0x00, 0x09, 0x00, 0x00, 0x00, 0x00, 0x0a, 0x00,
	0x00, 0x00, 0xd8, 0x00, 0x00, 0x64, 0x00, 0x00, 0x00, 0x00, 0x00, 0x00,
	0x00, 0x00, 0x00, 0x00, 0x00, 0x00, 0x00, 0x00, 0xff, 0xff, 0xff, 0xff,
	0xff, 0xff, 0xff, 0xff, 0x00, 0x04, 0xbe, 0x00, 0x00, 0x04, 0xbe, 0x00,
	0x00, 0x04, 0xbe, 0x00, 0x00, 0x04, 0xbe, 0x00, 0x00, 0x04, 0x00, 0x04,
	0xce, 0x00, 0x00, 0x04, 0xff, 0xff, 0xff, 0xff, 0xff, 0xff, 0xff, 0xff,
	0x00, 0x5b, 0x00, 0x00, 0x05, 0x17, 0x00, 0x00, 0x25, 0x00, 0x00, 0x00,
	0xff, 0xff, 0xff, 0x0f, 0xff, 0xff, 0xff, 0x0f, 0xff, 0xff, 0xff, 0x0f,
	0xff, 0xff, 0xff, 0x0f, 0xff, 0xff, 0xff, 0x0f, 0xff, 0xff, 0xff, 0x0f,
	0xff, 0xff, 0xff, 0x0f, 0xe8, 0x5d, 0x00, 0x00, 0x50, 0x46, 0x00, 0x00,
	0x00, 0x80, 0x02, 0x00, 0xe0, 0x9c, 0x41, 0x00, 0x00, 0x64, 0x00, 0x00,
	0x00, 0x00, 0x00, 0x00, 0x00, 0x00, 0x00, 0x00, 0x00, 0x00, 0x00, 0x00,
	0xff, 0xff, 0xff, 0xff, 0xff, 0xff, 0xff, 0xff, 0x00, 0x56, 0x00, 0x00,
	0xb1, 0x1e, 0x00, 0x00, 0x05, 0x00, 0x00, 0x00, 0xff, 0xff, 0xff, 0x0f,
	0xff, 0xff, 0xff, 0x0f, 0xff, 0xff, 0xff, 0x0f, 0xff, 0xff, 0xff, 0x0f,
	0xff, 0xff, 0xff, 0x0f, 0xff, 0xff, 0xff, 0x0f, 0xff, 0xff, 0xff, 0x0f,
	0x00, 0x50, 0x00, 0x00, 0x00, 0x09, 0x00, 0x00, 0x00, 0x00, 0x0a, 0x00,
	0x00, 0x00, 0xd8, 0x00, 0x00, 0x64, 0x00, 0x00, 0x00, 0x00, 0x00, 0x00,
	0x00, 0x00, 0x00, 0x00, 0x00, 0x00, 0x00, 0x00, 0xff, 0xff, 0xff, 0xff,
	0xff, 0xff, 0xff, 0xff, 0x00, 0x27, 0x00, 0x00, 0x00, 0x00, 0x00, 0x00,
	0x00, 0x00, 0x00, 0x00, 0xff, 0xff, 0xff, 0x0f, 0xff, 0xff, 0xff, 0x0f,
	0xff, 0xff, 0xff, 0x0f, 0xff, 0xff, 0xff, 0x0f, 0xff, 0xff, 0xff, 0x0f,
	0xff, 0xff, 0xff, 0x0f, 0xff, 0xff, 0xff, 0x0f, 0x00, 0x50, 0x00, 0x00,
	0x00, 0x09, 0x00, 0x00, 0x00, 0x00, 0x0a, 0x00, 0x00, 0x00, 0xd8, 0x00,
	0x00, 0x27, 0x00, 0x00, 0x00, 0x17, 0x00, 0x00, 0xa5, 0x21, 0x00, 0x00,
	0x04, 0x10, 0x00, 0x00, 0xff, 0xff, 0xff, 0xff, 0xff, 0xff, 0xff, 0xff,
	0x00, 0x48, 0x00, 0x00, 0xb1, 0x1e, 0x00, 0x00, 0x05, 0x00, 0x00, 0x00,
	0xff, 0xff, 0xff, 0x0f, 0xff, 0xff, 0xff, 0x0f, 0xff, 0xff, 0xff, 0x0f,
	0xff, 0xff, 0xff, 0x0f, 0xff, 0xff, 0xff, 0x0f, 0xff, 0xff, 0xff, 0x0f,
	0xff, 0xff, 0xff, 0x0f, 0x00, 0x50, 0x00, 0x00, 0x00, 0x09, 0x00, 0x00,
	0x00, 0x00, 0x0a, 0x00, 0x00, 0x00, 0xd8, 0x00, 0x00, 0x64, 0x00, 0x00,
	0x00, 0x00, 0x00, 0x00, 0x00, 0x00, 0x00, 0x00, 0x00, 0x00, 0x00, 0x00,
	0xff, 0xff, 0xff, 0xff, 0xff, 0xff, 0xff, 0xff, 0x00, 0x04, 0x67, 0x00,
	0x00, 0x04, 0x67, 0x00, 0x00, 0x04, 0x67, 0x00, 0x00, 0x04, 0x67, 0x00,
	0x00, 0x04, 0x00, 0x04, 0x00, 0x04, 0x00, 0x04, 0xff, 0xff, 0xff, 0xff,
	0xff, 0xff, 0xff, 0xff, 0x00, 0x5b, 0x00, 0x00, 0x05, 0x17, 0x00, 0x00,
	0x25, 0x00, 0x00, 0x00, 0xff, 0xff, 0xff, 0x0f, 0xff, 0xff, 0xff, 0x0f,
	0xff, 0xff, 0xff, 0x0f, 0xff, 0xff, 0xff, 0x0f, 0xff, 0xff, 0xff, 0x0f,
	0xff, 0xff, 0xff, 0x0f, 0xff, 0xff, 0xff, 0x0f, 0xe8, 0x5d, 0x00, 0x00,
	0x50, 0x46, 0x00, 0x00, 0x00, 0x80, 0x02, 0x00, 0xe0, 0x9c, 0x41, 0x00,
	0x00, 0x64, 0x00, 0x00, 0x00, 0x00, 0x00, 0x00, 0x00, 0x00, 0x00, 0x00,
	0x00, 0x00, 0x00, 0x00, 0xff, 0xff, 0xff, 0xff, 0xff, 0xff, 0xff, 0xff,
	0x00, 0x56, 0x00, 0x00, 0xb1, 0x1e, 0x00, 0x00, 0x05, 0x00, 0x00, 0x00,
	0xff, 0xff, 0xff, 0x0f, 0xff, 0xff, 0xff, 0x0f, 0xff, 0xff, 0xff, 0x0f,
	0xff, 0xff, 0xff, 0x0f, 0xff, 0xff, 0xff, 0x0f, 0xff, 0xff, 0xff, 0x0f,
	0xff, 0xff, 0xff, 0x0f, 0x00, 0x50, 0x00, 0x00, 0x00, 0x09, 0x00, 0x00,
	0x00, 0x00, 0x0a, 0x00, 0x00, 0x00, 0xd8, 0x00, 0x00, 0x64, 0x00, 0x00,
	0x00, 0x00, 0x00, 0x00, 0x00, 0x00, 0x00, 0x00, 0x00, 0x00, 0x00, 0x00,
	0xff, 0xff, 0xff, 0xff, 0xff, 0xff, 0xff, 0xff, 0x00, 0x27, 0x00, 0x00,
	0x00, 0x00, 0x00, 0x00, 0x00, 0x00, 0x00, 0x00, 0xff, 0xff, 0xff, 0x0f,
	0xff, 0xff, 0xff, 0x0f, 0xff, 0xff, 0xff, 0x0f, 0xff, 0xff, 0xff, 0x0f,
	0xff, 0xff, 0xff, 0x0f, 0xff, 0xff, 0xff, 0x0f, 0xff, 0xff, 0xff, 0x0f,
	0x00, 0x50, 0x00, 0x00, 0x00, 0x09, 0x00, 0x00, 0x00, 0x00, 0x0a, 0x00,
	0x00, 0x00, 0xd8, 0x00, 0x00, 0x27, 0x00, 0x00, 0x00, 0x00, 0x00, 0x00,
	0xcd, 0x28, 0x00, 0x00, 0x00, 0x00, 0x00, 0x00, 0xff, 0xff, 0xff, 0xff,
	0xff, 0xff, 0xff, 0xff, 0x00, 0x48, 0x00, 0x00, 0xb1, 0x1e, 0x00, 0x00,
	0x05, 0x00, 0x00, 0x00, 0xff, 0xff, 0xff, 0x0f, 0xff, 0xff, 0xff, 0x0f,
	0xff, 0xff, 0xff, 0x0f, 0xff, 0xff, 0xff, 0x0f, 0xff, 0xff, 0xff, 0x0f,
	0xff, 0xff, 0xff, 0x0f, 0xff, 0xff, 0xff, 0x0f, 0x00, 0x50, 0x00, 0x00,
	0x00, 0x09, 0x00, 0x00, 0x00, 0x00, 0x0a, 0x00, 0x00, 0x00, 0xd8, 0x00,
	0x00, 0x55, 0x00, 0x00, 0x00, 0x00, 0x00, 0x00, 0x00, 0x00, 0x00, 0x00,
	0x00, 0x00, 0x00, 0x00, 0xff, 0xff, 0xff, 0xff, 0xff, 0xff, 0xff, 0xff,
	0x00, 0x04, 0xbe, 0x00, 0x00, 0x04, 0xbe, 0x00, 0x00, 0x04, 0xbe, 0x00,
	0x00, 0x04, 0xbe, 0x00, 0x00, 0x04, 0x00, 0x04, 0xce, 0x00, 0x00, 0x04,
	0xff, 0xff, 0xff, 0xff, 0xff, 0xff, 0xff, 0xff, 0x00, 0x56, 0x00, 0x00,
	0x05, 0x17, 0x00, 0x00, 0x25, 0x00, 0x00, 0x00, 0xff, 0xff, 0xff, 0x0f,
	0xff, 0xff, 0xff, 0x0f, 0xff, 0xff, 0xff, 0x0f, 0xff, 0xff, 0xff, 0x0f,
	0xff, 0xff, 0xff, 0x0f, 0xff, 0xff, 0xff, 0x0f, 0xff, 0xff, 0xff, 0x0f,
	0xe8, 0x5d, 0x00, 0x00, 0x50, 0x46, 0x00, 0x00, 0x00, 0x80, 0x02, 0x00,
	0x00, 0x00, 0xd8, 0x00, 0x00, 0x64, 0x00, 0x00, 0x00, 0x00, 0x00, 0x00,
	0x00, 0x00, 0x00, 0x00, 0x00, 0x00, 0x00, 0x00, 0xff, 0xff, 0xff, 0xff,
	0xff, 0xff, 0xff, 0xff, 0x00, 0x51, 0x00, 0x00, 0xb1, 0x1e, 0x00, 0x00,
	0x05, 0x00, 0x00, 0x00, 0xff, 0xff, 0xff, 0x0f, 0xff, 0xff, 0xff, 0x0f,
	0xff, 0xff, 0xff, 0x0f, 0xff, 0xff, 0xff, 0x0f, 0xff, 0xff, 0xff, 0x0f,
	0xff, 0xff, 0xff, 0x0f, 0xff, 0xff, 0xff, 0x0f, 0x00, 0x50, 0x00, 0x00,
	0x00, 0x09, 0x00, 0x00, 0x00, 0x00, 0x0a, 0x00, 0x00, 0x00, 0xd8, 0x00,
	0x00, 0x64, 0x00, 0x00, 0x00, 0x00, 0x00, 0x00, 0x00, 0x00, 0x00, 0x00,
	0x00, 0x00, 0x00, 0x00, 0xff, 0xff, 0xff, 0xff, 0xff, 0xff, 0xff, 0xff,
	0x00, 0x27, 0x00, 0x00, 0x00, 0x00, 0x00, 0x00, 0x00, 0x00, 0x00, 0x00,
	0xff, 0xff, 0xff, 0x0f, 0xff, 0xff, 0xff, 0x0f, 0xff, 0xff, 0xff, 0x0f,
	0xff, 0xff, 0xff, 0x0f, 0xff, 0xff, 0xff, 0x0f, 0xff, 0xff, 0xff, 0x0f,
	0xff, 0xff, 0xff, 0x0f, 0x00, 0x50, 0x00, 0x00, 0x00, 0x09, 0x00, 0x00,
	0x00, 0x00, 0x0a, 0x00, 0x00, 0x00, 0xd8, 0x00, 0x00, 0x27, 0x00, 0x00,
	0x00, 0x17, 0x00, 0x00, 0xa5, 0x21, 0x00, 0x00, 0x04, 0x10, 0x00, 0x00,
	0xff, 0xff, 0xff, 0xff, 0xff, 0xff, 0xff, 0xff, 0x00, 0x43, 0x00, 0x00,
	0xb1, 0x1e, 0x00, 0x00, 0x05, 0x00, 0x00, 0x00, 0xff, 0xff, 0xff, 0x0f,
	0xff, 0xff, 0xff, 0x0f, 0xff, 0xff, 0xff, 0x0f, 0xff, 0xff, 0xff, 0x0f,
	0xff, 0xff, 0xff, 0x0f, 0xff, 0xff, 0xff, 0x0f, 0xff, 0xff, 0xff, 0x0f,
	0x00, 0x50, 0x00, 0x00, 0x00, 0x09, 0x00, 0x00, 0x00, 0x00, 0x0a, 0x00,
	0x00, 0x00, 0xd8, 0x00, 0x00, 0x64, 0x00, 0x00, 0x00, 0x00, 0x00, 0x00,
	0x00, 0x00, 0x00, 0x00, 0x00, 0x00, 0x00, 0x00, 0xff, 0xff, 0xff, 0xff,
	0xff, 0xff, 0xff, 0xff, 0xff, 0x00, 0x04, 0x67, 0x00, 0x00, 0x04, 0xff,
	0xff, 0xff, 0xff, 0xff, 0xff, 0xff, 0xff, 0xff, 0x00, 0x50, 0x00, 0x00,
	0xfa, 0x2d, 0x00, 0x00, 0x27, 0x00, 0x00, 0x00, 0xff, 0xff, 0xff, 0x0f,
	0xff, 0xff, 0xff, 0x0f, 0x01, 0x00, 0x00, 0x00, 0xff, 0xff, 0xff, 0x0f,
	0xff, 0xff, 0xff, 0x0f, 0xff, 0xff, 0xff, 0x0f, 0xff, 0xff, 0xff, 0x0f,
	0x00, 0x00, 0x00, 0x00, 0x00, 0x09, 0x00, 0x00, 0x00, 0x00, 0x0a, 0x00,
	0x00, 0x00, 0xd8, 0x00, 0x00, 0x64, 0x00, 0x00, 0x00, 0x00, 0x00, 0x00,
	0x00, 0x00, 0x00, 0x00, 0x00, 0x00, 0x00, 0x00, 0xff, 0xff, 0xff, 0xff,
	0xff, 0xff, 0xff, 0xff, 0xff, 0xff, 0xff, 0xff, 0xff, 0xff, 0xff, 0xff,
	0xff, 0xff, 0xff, 0xff, 0xff, 0xff, 0xff, 0xff, 0xff, 0xff, 0xff, 0xff,
	0xff, 0xff, 0xff, 0xff, 0xff, 0xff, 0xff, 0xff, 0xff, 0xff, 0xff, 0xff,
	0xff, 0xff, 0xff, 0xff, 0xff, 0xff, 0xff, 0xff, 0xff, 0xff, 0xff, 0xff,
	0xff, 0xff, 0xff, 0xff, 0xff, 0xff, 0xff, 0xff, 0xff, 0xff, 0xff, 0xff,
	0xff, 0xff, 0xff, 0xff, 0xff, 0xff, 0xff, 0xff, 0xff, 0xff, 0xff, 0xff,
	0xff, 0xff, 0xff, 0xff, 0xff, 0xff, 0xff, 0xff, 0xff, 0xff, 0xff, 0xff,
	0xff, 0xff, 0xff, 0xff, 0xff, 0xff, 0xff, 0xff, 0xff, 0xff, 0xff, 0xff,
	0xff, 0xff, 0xff, 0xff, 0xff, 0xff, 0xff, 0xff, 0xff, 0xff, 0xff, 0xff,
	0xff, 0xff, 0xff, 0xff, 0xff, 0xff, 0xff, 0xff, 0xff, 0xff, 0xff, 0xff,
	0xff, 0xff, 0xff, 0xff, 0xff, 0xff, 0xff, 0xff, 0xff, 0xff, 0xff, 0xff,
	0xff, 0xff, 0xff, 0xff, 0xff, 0xff, 0xff, 0xff, 0xff, 0xff, 0xff, 0xff,
	0xff, 0xff, 0xff, 0xff, 0xff, 0xff, 0xff, 0xff, 0xff, 0xff, 0xff, 0xff,
	0xff, 0xff, 0xff, 0xff, 0xff, 0xff, 0xff, 0xff, 0xff, 0xff, 0xff, 0xff,
	0xff, 0xff, 0xff, 0xff, 0xff, 0xff, 0xff, 0xff, 0xff, 0xff, 0xff, 0xff,
	0xff, 0xff, 0xff, 0xff, 0xff, 0xff, 0xff, 0xff, 0xff, 0xff, 0xff, 0xff,
	0xff, 0xff, 0xff, 0xff, 0xff, 0xff, 0xff, 0xff, 0xff, 0xff, 0xff, 0xff,
	0xff, 0xff, 0xff, 0xff, 0xff, 0xff
};

static const u8 autoservo_param_b_eiger_denali_hynix_1x_micron_120s[] = {
	0x00, 0x04, 0x67, 0x00, 0x00, 0x04, 0x67, 0x00, 0x00, 0x04, 0x67, 0x00,
	0x00, 0x04, 0x67, 0x00, 0x00, 0x04, 0x00, 0x04, 0x00, 0x04, 0x00, 0x04,
	0xff, 0xff, 0xff, 0xff, 0xff, 0xff, 0xff, 0xff, 0x00, 0x5b, 0x00, 0x00,
	0x05, 0x17, 0x00, 0x00, 0x25, 0x00, 0x00, 0x00, 0xff, 0xff, 0xff, 0x0f,
	0xff, 0xff, 0xff, 0x0f, 0xff, 0xff, 0xff, 0x0f, 0xff, 0xff, 0xff, 0x0f,
	0xff, 0xff, 0xff, 0x0f, 0xff, 0xff, 0xff, 0x0f, 0xff, 0xff, 0xff, 0x0f,
	0xe8, 0x5d, 0x00, 0x00, 0x50, 0x46, 0x00, 0x00, 0x00, 0x80, 0x02, 0x00,
	0xe0, 0x9c, 0x41, 0x00, 0x00, 0x64, 0x00, 0x00, 0x00, 0x00, 0x00, 0x00,
	0x00, 0x00, 0x00, 0x00, 0x00, 0x00, 0x00, 0x00, 0xff, 0xff, 0xff, 0xff,
	0xff, 0xff, 0xff, 0xff, 0x00, 0x58, 0x00, 0x00, 0xb1, 0x1e, 0x00, 0x00,
	0x05, 0x00, 0x00, 0x00, 0xff, 0xff, 0xff, 0x0f, 0xff, 0xff, 0xff, 0x0f,
	0xff, 0xff, 0xff, 0x0f, 0xff, 0xff, 0xff, 0x0f, 0xff, 0xff, 0xff, 0x0f,
	0xff, 0xff, 0xff, 0x0f, 0xff, 0xff, 0xff, 0x0f, 0x00, 0x50, 0x00, 0x00,
	0x00, 0x09, 0x00, 0x00, 0x00, 0x00, 0x0a, 0x00, 0x00, 0x00, 0xd8, 0x00,
	0x00, 0x64, 0x00, 0x00, 0x00, 0x00, 0x00, 0x00, 0x00, 0x00, 0x00, 0x00,
	0x00, 0x00, 0x00, 0x00, 0xff, 0xff, 0xff, 0xff, 0xff, 0xff, 0xff, 0xff,
	0x00, 0x27, 0x00, 0x00, 0x00, 0x00, 0x00, 0x00, 0x00, 0x00, 0x00, 0x00,
	0xff, 0xff, 0xff, 0x0f, 0xff, 0xff, 0xff, 0x0f, 0xff, 0xff, 0xff, 0x0f,
	0xff, 0xff, 0xff, 0x0f, 0xff, 0xff, 0xff, 0x0f, 0xff, 0xff, 0xff, 0x0f,
	0xff, 0xff, 0xff, 0x0f, 0x00, 0x00, 0x00, 0x00, 0x00, 0x09, 0x00, 0x00,
	0x00, 0x00, 0x0a, 0x00, 0x00, 0x00, 0xd8, 0x00, 0x00, 0x27, 0x00, 0x00,
	0x00, 0x00, 0x00, 0x00, 0x00, 0x00, 0x00, 0x00, 0x00, 0x00, 0x00, 0x00,
	0xff, 0xff, 0xff, 0xff, 0xff, 0xff, 0xff, 0xff, 0x00, 0x4b, 0x00, 0x00,
	0xb1, 0x1e, 0x00, 0x00, 0x05, 0x00, 0x00, 0x00, 0xff, 0xff, 0xff, 0x0f,
	0xff, 0xff, 0xff, 0x0f, 0xff, 0xff, 0xff, 0x0f, 0xff, 0xff, 0xff, 0x0f,
	0xff, 0xff, 0xff, 0x0f, 0xff, 0xff, 0xff, 0x0f, 0xff, 0xff, 0xff, 0x0f,
	0x00, 0x50, 0x00, 0x00, 0x00, 0x09, 0x00, 0x00, 0x00, 0x00, 0x0a, 0x00,
	0x00, 0x00, 0xd8, 0x00, 0x00, 0x64, 0x00, 0x00, 0x00, 0x00, 0x00, 0x00,
	0x00, 0x00, 0x00, 0x00, 0x00, 0x00, 0x00, 0x00, 0xff, 0xff, 0xff, 0xff,
	0xff, 0xff, 0xff, 0xff, 0x00, 0x04, 0xbe, 0x00, 0x00, 0x04, 0xbe, 0x00,
	0x00, 0x04, 0xbe, 0x00, 0x00, 0x04, 0xbe, 0x00, 0x00, 0x04, 0x00, 0x04,
	0xce, 0x00, 0x00, 0x04, 0xff, 0xff, 0xff, 0xff, 0xff, 0xff, 0xff, 0xff,
	0x00, 0x5b, 0x00, 0x00, 0x05, 0x17, 0x00, 0x00, 0x25, 0x00, 0x00, 0x00,
	0xff, 0xff, 0xff, 0x0f, 0xff, 0xff, 0xff, 0x0f, 0xff, 0xff, 0xff, 0x0f,
	0xff, 0xff, 0xff, 0x0f, 0xff, 0xff, 0xff, 0x0f, 0xff, 0xff, 0xff, 0x0f,
	0xff, 0xff, 0xff, 0x0f, 0xe8, 0x5d, 0x00, 0x00, 0x50, 0x46, 0x00, 0x00,
	0x00, 0x80, 0x02, 0x00, 0xe0, 0x9c, 0x41, 0x00, 0x00, 0x64, 0x00, 0x00,
	0x00, 0x00, 0x00, 0x00, 0x00, 0x00, 0x00, 0x00, 0x00, 0x00, 0x00, 0x00,
	0xff, 0xff, 0xff, 0xff, 0xff, 0xff, 0xff, 0xff, 0x00, 0x58, 0x00, 0x00,
	0xb1, 0x1e, 0x00, 0x00, 0x05, 0x00, 0x00, 0x00, 0xff, 0xff, 0xff, 0x0f,
	0xff, 0xff, 0xff, 0x0f, 0xff, 0xff, 0xff, 0x0f, 0xff, 0xff, 0xff, 0x0f,
	0xff, 0xff, 0xff, 0x0f, 0xff, 0xff, 0xff, 0x0f, 0xff, 0xff, 0xff, 0x0f,
	0x00, 0x50, 0x00, 0x00, 0x00, 0x09, 0x00, 0x00, 0x00, 0x00, 0x0a, 0x00,
	0x00, 0x00, 0xd8, 0x00, 0x00, 0x64, 0x00, 0x00, 0x00, 0x00, 0x00, 0x00,
	0x00, 0x00, 0x00, 0x00, 0x00, 0x00, 0x00, 0x00, 0xff, 0xff, 0xff, 0xff,
	0xff, 0xff, 0xff, 0xff, 0x00, 0x27, 0x00, 0x00, 0x00, 0x00, 0x00, 0x00,
	0x00, 0x00, 0x00, 0x00, 0xff, 0xff, 0xff, 0x0f, 0xff, 0xff, 0xff, 0x0f,
	0xff, 0xff, 0xff, 0x0f, 0xff, 0xff, 0xff, 0x0f, 0xff, 0xff, 0xff, 0x0f,
	0xff, 0xff, 0xff, 0x0f, 0xff, 0xff, 0xff, 0x0f, 0x00, 0x50, 0x00, 0x00,
	0x00, 0x09, 0x00, 0x00, 0x00, 0x00, 0x0a, 0x00, 0x00, 0x00, 0xd8, 0x00,
	0x00, 0x27, 0x00, 0x00, 0x00, 0x17, 0x00, 0x00, 0xa5, 0x21, 0x00, 0x00,
	0x04, 0x10, 0x00, 0x00, 0xff, 0xff, 0xff, 0xff, 0xff, 0xff, 0xff, 0xff,
	0x00, 0x4b, 0x00, 0x00, 0xb1, 0x1e, 0x00, 0x00, 0x05, 0x00, 0x00, 0x00,
	0xff, 0xff, 0xff, 0x0f, 0xff, 0xff, 0xff, 0x0f, 0xff, 0xff, 0xff, 0x0f,
	0xff, 0xff, 0xff, 0x0f, 0xff, 0xff, 0xff, 0x0f, 0xff, 0xff, 0xff, 0x0f,
	0xff, 0xff, 0xff, 0x0f, 0x00, 0x50, 0x00, 0x00, 0x00, 0x09, 0x00, 0x00,
	0x00, 0x00, 0x0a, 0x00, 0x00, 0x00, 0xd8, 0x00, 0x00, 0x64, 0x00, 0x00,
	0x00, 0x00, 0x00, 0x00, 0x00, 0x00, 0x00, 0x00, 0x00, 0x00, 0x00, 0x00,
	0xff, 0xff, 0xff, 0xff, 0xff, 0xff, 0xff, 0xff, 0x00, 0x04, 0x67, 0x00,
	0x00, 0x04, 0x67, 0x00, 0x00, 0x04, 0x67, 0x00, 0x00, 0x04, 0x67, 0x00,
	0x00, 0x04, 0x00, 0x04, 0x00, 0x04, 0x00, 0x04, 0xff, 0xff, 0xff, 0xff,
	0xff, 0xff, 0xff, 0xff, 0x00, 0x5b, 0x00, 0x00, 0x05, 0x17, 0x00, 0x00,
	0x25, 0x00, 0x00, 0x00, 0xff, 0xff, 0xff, 0x0f, 0xff, 0xff, 0xff, 0x0f,
	0xff, 0xff, 0xff, 0x0f, 0xff, 0xff, 0xff, 0x0f, 0xff, 0xff, 0xff, 0x0f,
	0xff, 0xff, 0xff, 0x0f, 0xff, 0xff, 0xff, 0x0f, 0xe8, 0x5d, 0x00, 0x00,
	0x50, 0x46, 0x00, 0x00, 0x00, 0x80, 0x02, 0x00, 0xe0, 0x9c, 0x41, 0x00,
	0x00, 0x64, 0x00, 0x00, 0x00, 0x00, 0x00, 0x00, 0x00, 0x00, 0x00, 0x00,
	0x00, 0x00, 0x00, 0x00, 0xff, 0xff, 0xff, 0xff, 0xff, 0xff, 0xff, 0xff,
	0x00, 0x58, 0x00, 0x00, 0xb1, 0x1e, 0x00, 0x00, 0x05, 0x00, 0x00, 0x00,
	0xff, 0xff, 0xff, 0x0f, 0xff, 0xff, 0xff, 0x0f, 0xff, 0xff, 0xff, 0x0f,
	0xff, 0xff, 0xff, 0x0f, 0xff, 0xff, 0xff, 0x0f, 0xff, 0xff, 0xff, 0x0f,
	0xff, 0xff, 0xff, 0x0f, 0x00, 0x50, 0x00, 0x00, 0x00, 0x09, 0x00, 0x00,
	0x00, 0x00, 0x0a, 0x00, 0x00, 0x00, 0xd8, 0x00, 0x00, 0x64, 0x00, 0x00,
	0x00, 0x00, 0x00, 0x00, 0x00, 0x00, 0x00, 0x00, 0x00, 0x00, 0x00, 0x00,
	0xff, 0xff, 0xff, 0xff, 0xff, 0xff, 0xff, 0xff, 0x00, 0x27, 0x00, 0x00,
	0x00, 0x00, 0x00, 0x00, 0x00, 0x00, 0x00, 0x00, 0xff, 0xff, 0xff, 0x0f,
	0xff, 0xff, 0xff, 0x0f, 0xff, 0xff, 0xff, 0x0f, 0xff, 0xff, 0xff, 0x0f,
	0xff, 0xff, 0xff, 0x0f, 0xff, 0xff, 0xff, 0x0f, 0xff, 0xff, 0xff, 0x0f,
	0x00, 0x50, 0x00, 0x00, 0x00, 0x09, 0x00, 0x00, 0x00, 0x00, 0x0a, 0x00,
	0x00, 0x00, 0xd8, 0x00, 0x00, 0x27, 0x00, 0x00, 0x00, 0x00, 0x00, 0x00,
	0xcd, 0x28, 0x00, 0x00, 0x00, 0x00, 0x00, 0x00, 0xff, 0xff, 0xff, 0xff,
	0xff, 0xff, 0xff, 0xff, 0x00, 0x4b, 0x00, 0x00, 0xb1, 0x1e, 0x00, 0x00,
	0x05, 0x00, 0x00, 0x00, 0xff, 0xff, 0xff, 0x0f, 0xff, 0xff, 0xff, 0x0f,
	0xff, 0xff, 0xff, 0x0f, 0xff, 0xff, 0xff, 0x0f, 0xff, 0xff, 0xff, 0x0f,
	0xff, 0xff, 0xff, 0x0f, 0xff, 0xff, 0xff, 0x0f, 0x00, 0x50, 0x00, 0x00,
	0x00, 0x09, 0x00, 0x00, 0x00, 0x00, 0x0a, 0x00, 0x00, 0x00, 0xd8, 0x00,
	0x00, 0x55, 0x00, 0x00, 0x00, 0x00, 0x00, 0x00, 0x00, 0x00, 0x00, 0x00,
	0x00, 0x00, 0x00, 0x00, 0xff, 0xff, 0xff, 0xff, 0xff, 0xff, 0xff, 0xff,
	0x00, 0x04, 0xbe, 0x00, 0x00, 0x04, 0xbe, 0x00, 0x00, 0x04, 0xbe, 0x00,
	0x00, 0x04, 0xbe, 0x00, 0x00, 0x04, 0x00, 0x04, 0xce, 0x00, 0x00, 0x04,
	0xff, 0xff, 0xff, 0xff, 0xff, 0xff, 0xff, 0xff, 0x00, 0x56, 0x00, 0x00,
	0x05, 0x17, 0x00, 0x00, 0x25, 0x00, 0x00, 0x00, 0xff, 0xff, 0xff, 0x0f,
	0xff, 0xff, 0xff, 0x0f, 0xff, 0xff, 0xff, 0x0f, 0xff, 0xff, 0xff, 0x0f,
	0xff, 0xff, 0xff, 0x0f, 0xff, 0xff, 0xff, 0x0f, 0xff, 0xff, 0xff, 0x0f,
	0xe8, 0x5d, 0x00, 0x00, 0x50, 0x46, 0x00, 0x00, 0x00, 0x80, 0x02, 0x00,
	0x00, 0x00, 0xd8, 0x00, 0x00, 0x64, 0x00, 0x00, 0x00, 0x00, 0x00, 0x00,
	0x00, 0x00, 0x00, 0x00, 0x00, 0x00, 0x00, 0x00, 0xff, 0xff, 0xff, 0xff,
	0xff, 0xff, 0xff, 0xff, 0x00, 0x53, 0x00, 0x00, 0xb1, 0x1e, 0x00, 0x00,
	0x05, 0x00, 0x00, 0x00, 0xff, 0xff, 0xff, 0x0f, 0xff, 0xff, 0xff, 0x0f,
	0xff, 0xff, 0xff, 0x0f, 0xff, 0xff, 0xff, 0x0f, 0xff, 0xff, 0xff, 0x0f,
	0xff, 0xff, 0xff, 0x0f, 0xff, 0xff, 0xff, 0x0f, 0x00, 0x50, 0x00, 0x00,
	0x00, 0x09, 0x00, 0x00, 0x00, 0x00, 0x0a, 0x00, 0x00, 0x00, 0xd8, 0x00,
	0x00, 0x64, 0x00, 0x00, 0x00, 0x00, 0x00, 0x00, 0x00, 0x00, 0x00, 0x00,
	0x00, 0x00, 0x00, 0x00, 0xff, 0xff, 0xff, 0xff, 0xff, 0xff, 0xff, 0xff,
	0x00, 0x27, 0x00, 0x00, 0x00, 0x00, 0x00, 0x00, 0x00, 0x00, 0x00, 0x00,
	0xff, 0xff, 0xff, 0x0f, 0xff, 0xff, 0xff, 0x0f, 0xff, 0xff, 0xff, 0x0f,
	0xff, 0xff, 0xff, 0x0f, 0xff, 0xff, 0xff, 0x0f, 0xff, 0xff, 0xff, 0x0f,
	0xff, 0xff, 0xff, 0x0f, 0x00, 0x50, 0x00, 0x00, 0x00, 0x09, 0x00, 0x00,
	0x00, 0x00, 0x0a, 0x00, 0x00, 0x00, 0xd8, 0x00, 0x00, 0x27, 0x00, 0x00,
	0x00, 0x17, 0x00, 0x00, 0xa5, 0x21, 0x00, 0x00, 0x04, 0x10, 0x00, 0x00,
	0xff, 0xff, 0xff, 0xff, 0xff, 0xff, 0xff, 0xff, 0x00, 0x46, 0x00, 0x00,
	0xb1, 0x1e, 0x00, 0x00, 0x05, 0x00, 0x00, 0x00, 0xff, 0xff, 0xff, 0x0f,
	0xff, 0xff, 0xff, 0x0f, 0xff, 0xff, 0xff, 0x0f, 0xff, 0xff, 0xff, 0x0f,
	0xff, 0xff, 0xff, 0x0f, 0xff, 0xff, 0xff, 0x0f, 0xff, 0xff, 0xff, 0x0f,
	0x00, 0x50, 0x00, 0x00, 0x00, 0x09, 0x00, 0x00, 0x00, 0x00, 0x0a, 0x00,
	0x00, 0x00, 0xd8, 0x00, 0x00, 0x64, 0x00, 0x00, 0x00, 0x00, 0x00, 0x00,
	0x00, 0x00, 0x00, 0x00, 0x00, 0x00, 0x00, 0x00, 0xff, 0xff, 0xff, 0xff,
	0xff, 0xff, 0xff, 0xff, 0xff, 0x00, 0x04, 0x67, 0x00, 0x00, 0x04, 0xff,
	0xff, 0xff, 0xff, 0xff, 0xff, 0xff, 0xff, 0xff, 0x00, 0x50, 0x00, 0x00,
	0xfa, 0x2d, 0x00, 0x00, 0x27, 0x00, 0x00, 0x00, 0xff, 0xff, 0xff, 0x0f,
	0xff, 0xff, 0xff, 0x0f, 0x01, 0x00, 0x00, 0x00, 0xff, 0xff, 0xff, 0x0f,
	0xff, 0xff, 0xff, 0x0f, 0xff, 0xff, 0xff, 0x0f, 0xff, 0xff, 0xff, 0x0f,
	0x00, 0x00, 0x00, 0x00, 0x00, 0x09, 0x00, 0x00, 0x00, 0x00, 0x0a, 0x00,
	0x00, 0x00, 0xd8, 0x00, 0x00, 0x64, 0x00, 0x00, 0x00, 0x00, 0x00, 0x00,
	0x00, 0x00, 0x00, 0x00, 0x00, 0x00, 0x00, 0x00, 0xff, 0xff, 0xff, 0xff,
	0xff, 0xff, 0xff, 0xff, 0xff, 0xff, 0xff, 0xff, 0xff, 0xff, 0xff, 0xff,
	0xff, 0xff, 0xff, 0xff, 0xff, 0xff, 0xff, 0xff, 0xff, 0xff, 0xff, 0xff,
	0xff, 0xff, 0xff, 0xff, 0xff, 0xff, 0xff, 0xff, 0xff, 0xff, 0xff, 0xff,
	0xff, 0xff, 0xff, 0xff, 0xff, 0xff, 0xff, 0xff, 0xff, 0xff, 0xff, 0xff,
	0xff, 0xff, 0xff, 0xff, 0xff, 0xff, 0xff, 0xff, 0xff, 0xff, 0xff, 0xff,
	0xff, 0xff, 0xff, 0xff, 0xff, 0xff, 0xff, 0xff, 0xff, 0xff, 0xff, 0xff,
	0xff, 0xff, 0xff, 0xff, 0xff, 0xff, 0xff, 0xff, 0xff, 0xff, 0xff, 0xff,
	0xff, 0xff, 0xff, 0xff, 0xff, 0xff, 0xff, 0xff, 0xff, 0xff, 0xff, 0xff,
	0xff, 0xff, 0xff, 0xff, 0xff, 0xff, 0xff, 0xff, 0xff, 0xff, 0xff, 0xff,
	0xff, 0xff, 0xff, 0xff, 0xff, 0xff, 0xff, 0xff, 0xff, 0xff, 0xff, 0xff,
	0xff, 0xff, 0xff, 0xff, 0xff, 0xff, 0xff, 0xff, 0xff, 0xff, 0xff, 0xff,
	0xff, 0xff, 0xff, 0xff, 0xff, 0xff, 0xff, 0xff, 0xff, 0xff, 0xff, 0xff,
	0xff, 0xff, 0xff, 0xff, 0xff, 0xff, 0xff, 0xff, 0xff, 0xff, 0xff, 0xff,
	0xff, 0xff, 0xff, 0xff, 0xff, 0xff, 0xff, 0xff, 0xff, 0xff, 0xff, 0xff,
	0xff, 0xff, 0xff, 0xff, 0xff, 0xff, 0xff, 0xff, 0xff, 0xff, 0xff, 0xff,
	0xff, 0xff, 0xff, 0xff, 0xff, 0xff, 0xff, 0xff, 0xff, 0xff, 0xff, 0xff,
	0xff, 0xff, 0xff, 0xff, 0xff, 0xff, 0xff, 0xff, 0xff, 0xff, 0xff, 0xff,
	0xff, 0xff, 0xff, 0xff, 0xff, 0xff
};

static const u8 autoservo_param_b_eiger_denali_hynix_1y_micron_130s[] = {
	0x00, 0x04, 0x67, 0x00, 0x00, 0x04, 0x67, 0x00, 0x00, 0x04, 0x67, 0x00,
	0x00, 0x04, 0x67, 0x00, 0x00, 0x04, 0x00, 0x04, 0x00, 0x04, 0x00, 0x04,
	0xff, 0xff, 0xff, 0xff, 0xff, 0xff, 0xff, 0xff, 0x00, 0x5b, 0x00, 0x00,
	0x05, 0x17, 0x00, 0x00, 0x25, 0x00, 0x00, 0x00, 0xff, 0xff, 0xff, 0x0f,
	0xff, 0xff, 0xff, 0x0f, 0xff, 0xff, 0xff, 0x0f, 0xff, 0xff, 0xff, 0x0f,
	0xff, 0xff, 0xff, 0x0f, 0xff, 0xff, 0xff, 0x0f, 0xff, 0xff, 0xff, 0x0f,
	0xe8, 0x5d, 0x00, 0x00, 0x50, 0x46, 0x00, 0x00, 0x00, 0x80, 0x02, 0x00,
	0xe0, 0x9c, 0x41, 0x00, 0x00, 0x64, 0x00, 0x00, 0x00, 0x00, 0x00, 0x00,
	0x00, 0x00, 0x00, 0x00, 0x00, 0x00, 0x00, 0x00, 0xff, 0xff, 0xff, 0xff,
	0xff, 0xff, 0xff, 0xff, 0x00, 0x54, 0x00, 0x00, 0xb1, 0x1e, 0x00, 0x00,
	0x05, 0x00, 0x00, 0x00, 0xff, 0xff, 0xff, 0x0f, 0xff, 0xff, 0xff, 0x0f,
	0xff, 0xff, 0xff, 0x0f, 0xff, 0xff, 0xff, 0x0f, 0xff, 0xff, 0xff, 0x0f,
	0xff, 0xff, 0xff, 0x0f, 0xff, 0xff, 0xff, 0x0f, 0x00, 0x50, 0x00, 0x00,
	0x00, 0x09, 0x00, 0x00, 0x00, 0x00, 0x0a, 0x00, 0x00, 0x00, 0xd8, 0x00,
	0x00, 0x64, 0x00, 0x00, 0x00, 0x00, 0x00, 0x00, 0x00, 0x00, 0x00, 0x00,
	0x00, 0x00, 0x00, 0x00, 0xff, 0xff, 0xff, 0xff, 0xff, 0xff, 0xff, 0xff,
	0x00, 0x27, 0x00, 0x00, 0x00, 0x00, 0x00, 0x00, 0x00, 0x00, 0x00, 0x00,
	0xff, 0xff, 0xff, 0x0f, 0xff, 0xff, 0xff, 0x0f, 0xff, 0xff, 0xff, 0x0f,
	0xff, 0xff, 0xff, 0x0f, 0xff, 0xff, 0xff, 0x0f, 0xff, 0xff, 0xff, 0x0f,
	0xff, 0xff, 0xff, 0x0f, 0x00, 0x00, 0x00, 0x00, 0x00, 0x09, 0x00, 0x00,
	0x00, 0x00, 0x0a, 0x00, 0x00, 0x00, 0xd8, 0x00, 0x00, 0x27, 0x00, 0x00,
	0x00, 0x00, 0x00, 0x00, 0x00, 0x00, 0x00, 0x00, 0x00, 0x00, 0x00, 0x00,
	0xff, 0xff, 0xff, 0xff, 0xff, 0xff, 0xff, 0xff, 0x00, 0x48, 0x00, 0x00,
	0xb1, 0x1e, 0x00, 0x00, 0x05, 0x00, 0x00, 0x00, 0xff, 0xff, 0xff, 0x0f,
	0xff, 0xff, 0xff, 0x0f, 0xff, 0xff, 0xff, 0x0f, 0xff, 0xff, 0xff, 0x0f,
	0xff, 0xff, 0xff, 0x0f, 0xff, 0xff, 0xff, 0x0f, 0xff, 0xff, 0xff, 0x0f,
	0x00, 0x50, 0x00, 0x00, 0x00, 0x09, 0x00, 0x00, 0x00, 0x00, 0x0a, 0x00,
	0x00, 0x00, 0xd8, 0x00, 0x00, 0x64, 0x00, 0x00, 0x00, 0x00, 0x00, 0x00,
	0x00, 0x00, 0x00, 0x00, 0x00, 0x00, 0x00, 0x00, 0xff, 0xff, 0xff, 0xff,
	0xff, 0xff, 0xff, 0xff, 0x00, 0x04, 0xbe, 0x00, 0x00, 0x04, 0xbe, 0x00,
	0x00, 0x04, 0xbe, 0x00, 0x00, 0x04, 0xbe, 0x00, 0x00, 0x04, 0x00, 0x04,
	0xce, 0x00, 0x00, 0x04, 0xff, 0xff, 0xff, 0xff, 0xff, 0xff, 0xff, 0xff,
	0x00, 0x5b, 0x00, 0x00, 0x05, 0x17, 0x00, 0x00, 0x25, 0x00, 0x00, 0x00,
	0xff, 0xff, 0xff, 0x0f, 0xff, 0xff, 0xff, 0x0f, 0xff, 0xff, 0xff, 0x0f,
	0xff, 0xff, 0xff, 0x0f, 0xff, 0xff, 0xff, 0x0f, 0xff, 0xff, 0xff, 0x0f,
	0xff, 0xff, 0xff, 0x0f, 0xe8, 0x5d, 0x00, 0x00, 0x50, 0x46, 0x00, 0x00,
	0x00, 0x80, 0x02, 0x00, 0xe0, 0x9c, 0x41, 0x00, 0x00, 0x64, 0x00, 0x00,
	0x00, 0x00, 0x00, 0x00, 0x00, 0x00, 0x00, 0x00, 0x00, 0x00, 0x00, 0x00,
	0xff, 0xff, 0xff, 0xff, 0xff, 0xff, 0xff, 0xff, 0x00, 0x54, 0x00, 0x00,
	0xb1, 0x1e, 0x00, 0x00, 0x05, 0x00, 0x00, 0x00, 0xff, 0xff, 0xff, 0x0f,
	0xff, 0xff, 0xff, 0x0f, 0xff, 0xff, 0xff, 0x0f, 0xff, 0xff, 0xff, 0x0f,
	0xff, 0xff, 0xff, 0x0f, 0xff, 0xff, 0xff, 0x0f, 0xff, 0xff, 0xff, 0x0f,
	0x00, 0x50, 0x00, 0x00, 0x00, 0x09, 0x00, 0x00, 0x00, 0x00, 0x0a, 0x00,
	0x00, 0x00, 0xd8, 0x00, 0x00, 0x64, 0x00, 0x00, 0x00, 0x00, 0x00, 0x00,
	0x00, 0x00, 0x00, 0x00, 0x00, 0x00, 0x00, 0x00, 0xff, 0xff, 0xff, 0xff,
	0xff, 0xff, 0xff, 0xff, 0x00, 0x27, 0x00, 0x00, 0x00, 0x00, 0x00, 0x00,
	0x00, 0x00, 0x00, 0x00, 0xff, 0xff, 0xff, 0x0f, 0xff, 0xff, 0xff, 0x0f,
	0xff, 0xff, 0xff, 0x0f, 0xff, 0xff, 0xff, 0x0f, 0xff, 0xff, 0xff, 0x0f,
	0xff, 0xff, 0xff, 0x0f, 0xff, 0xff, 0xff, 0x0f, 0x00, 0x50, 0x00, 0x00,
	0x00, 0x09, 0x00, 0x00, 0x00, 0x00, 0x0a, 0x00, 0x00, 0x00, 0xd8, 0x00,
	0x00, 0x27, 0x00, 0x00, 0x00, 0x17, 0x00, 0x00, 0xa5, 0x21, 0x00, 0x00,
	0x04, 0x10, 0x00, 0x00, 0xff, 0xff, 0xff, 0xff, 0xff, 0xff, 0xff, 0xff,
	0x00, 0x48, 0x00, 0x00, 0xb1, 0x1e, 0x00, 0x00, 0x05, 0x00, 0x00, 0x00,
	0xff, 0xff, 0xff, 0x0f, 0xff, 0xff, 0xff, 0x0f, 0xff, 0xff, 0xff, 0x0f,
	0xff, 0xff, 0xff, 0x0f, 0xff, 0xff, 0xff, 0x0f, 0xff, 0xff, 0xff, 0x0f,
	0xff, 0xff, 0xff, 0x0f, 0x00, 0x50, 0x00, 0x00, 0x00, 0x09, 0x00, 0x00,
	0x00, 0x00, 0x0a, 0x00, 0x00, 0x00, 0xd8, 0x00, 0x00, 0x64, 0x00, 0x00,
	0x00, 0x00, 0x00, 0x00, 0x00, 0x00, 0x00, 0x00, 0x00, 0x00, 0x00, 0x00,
	0xff, 0xff, 0xff, 0xff, 0xff, 0xff, 0xff, 0xff, 0x00, 0x04, 0x67, 0x00,
	0x00, 0x04, 0x67, 0x00, 0x00, 0x04, 0x67, 0x00, 0x00, 0x04, 0x67, 0x00,
	0x00, 0x04, 0x00, 0x04, 0x00, 0x04, 0x00, 0x04, 0xff, 0xff, 0xff, 0xff,
	0xff, 0xff, 0xff, 0xff, 0x00, 0x5b, 0x00, 0x00, 0x05, 0x17, 0x00, 0x00,
	0x25, 0x00, 0x00, 0x00, 0xff, 0xff, 0xff, 0x0f, 0xff, 0xff, 0xff, 0x0f,
	0xff, 0xff, 0xff, 0x0f, 0xff, 0xff, 0xff, 0x0f, 0xff, 0xff, 0xff, 0x0f,
	0xff, 0xff, 0xff, 0x0f, 0xff, 0xff, 0xff, 0x0f, 0xe8, 0x5d, 0x00, 0x00,
	0x50, 0x46, 0x00, 0x00, 0x00, 0x80, 0x02, 0x00, 0xe0, 0x9c, 0x41, 0x00,
	0x00, 0x64, 0x00, 0x00, 0x00, 0x00, 0x00, 0x00, 0x00, 0x00, 0x00, 0x00,
	0x00, 0x00, 0x00, 0x00, 0xff, 0xff, 0xff, 0xff, 0xff, 0xff, 0xff, 0xff,
	0x00, 0x54, 0x00, 0x00, 0xb1, 0x1e, 0x00, 0x00, 0x05, 0x00, 0x00, 0x00,
	0xff, 0xff, 0xff, 0x0f, 0xff, 0xff, 0xff, 0x0f, 0xff, 0xff, 0xff, 0x0f,
	0xff, 0xff, 0xff, 0x0f, 0xff, 0xff, 0xff, 0x0f, 0xff, 0xff, 0xff, 0x0f,
	0xff, 0xff, 0xff, 0x0f, 0x00, 0x50, 0x00, 0x00, 0x00, 0x09, 0x00, 0x00,
	0x00, 0x00, 0x0a, 0x00, 0x00, 0x00, 0xd8, 0x00, 0x00, 0x64, 0x00, 0x00,
	0x00, 0x00, 0x00, 0x00, 0x00, 0x00, 0x00, 0x00, 0x00, 0x00, 0x00, 0x00,
	0xff, 0xff, 0xff, 0xff, 0xff, 0xff, 0xff, 0xff, 0x00, 0x27, 0x00, 0x00,
	0x00, 0x00, 0x00, 0x00, 0x00, 0x00, 0x00, 0x00, 0xff, 0xff, 0xff, 0x0f,
	0xff, 0xff, 0xff, 0x0f, 0xff, 0xff, 0xff, 0x0f, 0xff, 0xff, 0xff, 0x0f,
	0xff, 0xff, 0xff, 0x0f, 0xff, 0xff, 0xff, 0x0f, 0xff, 0xff, 0xff, 0x0f,
	0x00, 0x50, 0x00, 0x00, 0x00, 0x09, 0x00, 0x00, 0x00, 0x00, 0x0a, 0x00,
	0x00, 0x00, 0xd8, 0x00, 0x00, 0x27, 0x00, 0x00, 0x00, 0x00, 0x00, 0x00,
	0xcd, 0x28, 0x00, 0x00, 0x00, 0x00, 0x00, 0x00, 0xff, 0xff, 0xff, 0xff,
	0xff, 0xff, 0xff, 0xff, 0x00, 0x48, 0x00, 0x00, 0xb1, 0x1e, 0x00, 0x00,
	0x05, 0x00, 0x00, 0x00, 0xff, 0xff, 0xff, 0x0f, 0xff, 0xff, 0xff, 0x0f,
	0xff, 0xff, 0xff, 0x0f, 0xff, 0xff, 0xff, 0x0f, 0xff, 0xff, 0xff, 0x0f,
	0xff, 0xff, 0xff, 0x0f, 0xff, 0xff, 0xff, 0x0f, 0x00, 0x50, 0x00, 0x00,
	0x00, 0x09, 0x00, 0x00, 0x00, 0x00, 0x0a, 0x00, 0x00, 0x00, 0xd8, 0x00,
	0x00, 0x55, 0x00, 0x00, 0x00, 0x00, 0x00, 0x00, 0x00, 0x00, 0x00, 0x00,
	0x00, 0x00, 0x00, 0x00, 0xff, 0xff, 0xff, 0xff, 0xff, 0xff, 0xff, 0xff,
	0x00, 0x04, 0xbe, 0x00, 0x00, 0x04, 0xbe, 0x00, 0x00, 0x04, 0xbe, 0x00,
	0x00, 0x04, 0xbe, 0x00, 0x00, 0x04, 0x00, 0x04, 0xce, 0x00, 0x00, 0x04,
	0xff, 0xff, 0xff, 0xff, 0xff, 0xff, 0xff, 0xff, 0x00, 0x56, 0x00, 0x00,
	0x05, 0x17, 0x00, 0x00, 0x25, 0x00, 0x00, 0x00, 0xff, 0xff, 0xff, 0x0f,
	0xff, 0xff, 0xff, 0x0f, 0xff, 0xff, 0xff, 0x0f, 0xff, 0xff, 0xff, 0x0f,
	0xff, 0xff, 0xff, 0x0f, 0xff, 0xff, 0xff, 0x0f, 0xff, 0xff, 0xff, 0x0f,
	0xe8, 0x5d, 0x00, 0x00, 0x50, 0x46, 0x00, 0x00, 0x00, 0x80, 0x02, 0x00,
	0x00, 0x00, 0xd8, 0x00, 0x00, 0x64, 0x00, 0x00, 0x00, 0x00, 0x00, 0x00,
	0x00, 0x00, 0x00, 0x00, 0x00, 0x00, 0x00, 0x00, 0xff, 0xff, 0xff, 0xff,
	0xff, 0xff, 0xff, 0xff, 0x00, 0x4f, 0x00, 0x00, 0xb1, 0x1e, 0x00, 0x00,
	0x05, 0x00, 0x00, 0x00, 0xff, 0xff, 0xff, 0x0f, 0xff, 0xff, 0xff, 0x0f,
	0xff, 0xff, 0xff, 0x0f, 0xff, 0xff, 0xff, 0x0f, 0xff, 0xff, 0xff, 0x0f,
	0xff, 0xff, 0xff, 0x0f, 0xff, 0xff, 0xff, 0x0f, 0x00, 0x50, 0x00, 0x00,
	0x00, 0x09, 0x00, 0x00, 0x00, 0x00, 0x0a, 0x00, 0x00, 0x00, 0xd8, 0x00,
	0x00, 0x64, 0x00, 0x00, 0x00, 0x00, 0x00, 0x00, 0x00, 0x00, 0x00, 0x00,
	0x00, 0x00, 0x00, 0x00, 0xff, 0xff, 0xff, 0xff, 0xff, 0xff, 0xff, 0xff,
	0x00, 0x27, 0x00, 0x00, 0x00, 0x00, 0x00, 0x00, 0x00, 0x00, 0x00, 0x00,
	0xff, 0xff, 0xff, 0x0f, 0xff, 0xff, 0xff, 0x0f, 0xff, 0xff, 0xff, 0x0f,
	0xff, 0xff, 0xff, 0x0f, 0xff, 0xff, 0xff, 0x0f, 0xff, 0xff, 0xff, 0x0f,
	0xff, 0xff, 0xff, 0x0f, 0x00, 0x50, 0x00, 0x00, 0x00, 0x09, 0x00, 0x00,
	0x00, 0x00, 0x0a, 0x00, 0x00, 0x00, 0xd8, 0x00, 0x00, 0x27, 0x00, 0x00,
	0x00, 0x17, 0x00, 0x00, 0xa5, 0x21, 0x00, 0x00, 0x04, 0x10, 0x00, 0x00,
	0xff, 0xff, 0xff, 0xff, 0xff, 0xff, 0xff, 0xff, 0x00, 0x43, 0x00, 0x00,
	0xb1, 0x1e, 0x00, 0x00, 0x05, 0x00, 0x00, 0x00, 0xff, 0xff, 0xff, 0x0f,
	0xff, 0xff, 0xff, 0x0f, 0xff, 0xff, 0xff, 0x0f, 0xff, 0xff, 0xff, 0x0f,
	0xff, 0xff, 0xff, 0x0f, 0xff, 0xff, 0xff, 0x0f, 0xff, 0xff, 0xff, 0x0f,
	0x00, 0x50, 0x00, 0x00, 0x00, 0x09, 0x00, 0x00, 0x00, 0x00, 0x0a, 0x00,
	0x00, 0x00, 0xd8, 0x00, 0x00, 0x64, 0x00, 0x00, 0x00, 0x00, 0x00, 0x00,
	0x00, 0x00, 0x00, 0x00, 0x00, 0x00, 0x00, 0x00, 0xff, 0xff, 0xff, 0xff,
	0xff, 0xff, 0xff, 0xff, 0xff, 0x00, 0x04, 0x67, 0x00, 0x00, 0x04, 0xff,
	0xff, 0xff, 0xff, 0xff, 0xff, 0xff, 0xff, 0xff, 0x00, 0x50, 0x00, 0x00,
	0xfa, 0x2d, 0x00, 0x00, 0x27, 0x00, 0x00, 0x00, 0xff, 0xff, 0xff, 0x0f,
	0xff, 0xff, 0xff, 0x0f, 0x01, 0x00, 0x00, 0x00, 0xff, 0xff, 0xff, 0x0f,
	0xff, 0xff, 0xff, 0x0f, 0xff, 0xff, 0xff, 0x0f, 0xff, 0xff, 0xff, 0x0f,
	0x00, 0x00, 0x00, 0x00, 0x00, 0x09, 0x00, 0x00, 0x00, 0x00, 0x0a, 0x00,
	0x00, 0x00, 0xd8, 0x00, 0x00, 0x64, 0x00, 0x00, 0x00, 0x00, 0x00, 0x00,
	0x00, 0x00, 0x00, 0x00, 0x00, 0x00, 0x00, 0x00, 0xff, 0xff, 0xff, 0xff,
	0xff, 0xff, 0xff, 0xff, 0xff, 0xff, 0xff, 0xff, 0xff, 0xff, 0xff, 0xff,
	0xff, 0xff, 0xff, 0xff, 0xff, 0xff, 0xff, 0xff, 0xff, 0xff, 0xff, 0xff,
	0xff, 0xff, 0xff, 0xff, 0xff, 0xff, 0xff, 0xff, 0xff, 0xff, 0xff, 0xff,
	0xff, 0xff, 0xff, 0xff, 0xff, 0xff, 0xff, 0xff, 0xff, 0xff, 0xff, 0xff,
	0xff, 0xff, 0xff, 0xff, 0xff, 0xff, 0xff, 0xff, 0xff, 0xff, 0xff, 0xff,
	0xff, 0xff, 0xff, 0xff, 0xff, 0xff, 0xff, 0xff, 0xff, 0xff, 0xff, 0xff,
	0xff, 0xff, 0xff, 0xff, 0xff, 0xff, 0xff, 0xff, 0xff, 0xff, 0xff, 0xff,
	0xff, 0xff, 0xff, 0xff, 0xff, 0xff, 0xff, 0xff, 0xff, 0xff, 0xff, 0xff,
	0xff, 0xff, 0xff, 0xff, 0xff, 0xff, 0xff, 0xff, 0xff, 0xff, 0xff, 0xff,
	0xff, 0xff, 0xff, 0xff, 0xff, 0xff, 0xff, 0xff, 0xff, 0xff, 0xff, 0xff,
	0xff, 0xff, 0xff, 0xff, 0xff, 0xff, 0xff, 0xff, 0xff, 0xff, 0xff, 0xff,
	0xff, 0xff, 0xff, 0xff, 0xff, 0xff, 0xff, 0xff, 0xff, 0xff, 0xff, 0xff,
	0xff, 0xff, 0xff, 0xff, 0xff, 0xff, 0xff, 0xff, 0xff, 0xff, 0xff, 0xff,
	0xff, 0xff, 0xff, 0xff, 0xff, 0xff, 0xff, 0xff, 0xff, 0xff, 0xff, 0xff,
	0xff, 0xff, 0xff, 0xff, 0xff, 0xff, 0xff, 0xff, 0xff, 0xff, 0xff, 0xff,
	0xff, 0xff, 0xff, 0xff, 0xff, 0xff, 0xff, 0xff, 0xff, 0xff, 0xff, 0xff,
	0xff, 0xff, 0xff, 0xff, 0xff, 0xff, 0xff, 0xff, 0xff, 0xff, 0xff, 0xff,
	0xff, 0xff, 0xff, 0xff, 0xff, 0xff
};

static const u8 autoservo_param_d_eiger_denali_samsung_d1z[] = {
	0x00, 0x04, 0x83, 0x00, 0x00, 0x04, 0x67, 0x00, 0x00, 0x04, 0x67, 0x00,
	0x00, 0x04, 0x67, 0x00, 0x00, 0x04, 0x00, 0x04, 0x00, 0x04, 0x00, 0x04,
	0xff, 0xff, 0xff, 0xff, 0xff, 0xff, 0xff, 0xff, 0x00, 0x5b, 0x00, 0x00,
	0x9f, 0x1b, 0x00, 0x00, 0x33, 0x00, 0x00, 0x00, 0xff, 0xff, 0xff, 0x0f,
	0xff, 0xff, 0xff, 0x0f, 0xff, 0xff, 0xff, 0x0f, 0xff, 0xff, 0xff, 0x0f,
	0xff, 0xff, 0xff, 0x0f, 0xff, 0xff, 0xff, 0x0f, 0xff, 0xff, 0xff, 0x0f,
	0xe8, 0x5d, 0x00, 0x00, 0x50, 0x46, 0x00, 0x00, 0x00, 0x80, 0x02, 0x00,
	0xe0, 0x9c, 0x41, 0x00, 0x00, 0x64, 0x00, 0x00, 0x00, 0x00, 0x00, 0x00,
	0x00, 0x00, 0x00, 0x00, 0x00, 0x00, 0x00, 0x00, 0xff, 0xff, 0xff, 0xff,
	0xff, 0xff, 0xff, 0xff, 0x80, 0x55, 0x00, 0x00, 0xb1, 0x1e, 0x00, 0x00,
	0x05, 0x00, 0x00, 0x00, 0xff, 0xff, 0xff, 0x0f, 0xff, 0xff, 0xff, 0x0f,
	0xff, 0xff, 0xff, 0x0f, 0xff, 0xff, 0xff, 0x0f, 0xff, 0xff, 0xff, 0x0f,
	0xff, 0xff, 0xff, 0x0f, 0xff, 0xff, 0xff, 0x0f, 0x00, 0x50, 0x00, 0x00,
	0x00, 0x09, 0x00, 0x00, 0x00, 0x00, 0x0a, 0x00, 0x00, 0x00, 0xd8, 0x00,
	0x00, 0x64, 0x00, 0x00, 0x00, 0x00, 0x00, 0x00, 0x00, 0x00, 0x00, 0x00,
	0x00, 0x00, 0x00, 0x00, 0xff, 0xff, 0xff, 0xff, 0xff, 0xff, 0xff, 0xff,
	0x00, 0x64, 0x00, 0x00, 0x00, 0x00, 0x00, 0x00, 0x00, 0x00, 0x00, 0x00,
	0xff, 0xff, 0xff, 0x0f, 0xff, 0xff, 0xff, 0x0f, 0xff, 0xff, 0xff, 0x0f,
	0xff, 0xff, 0xff, 0x0f, 0xff, 0xff, 0xff, 0x0f, 0xff, 0xff, 0xff, 0x0f,
	0xff, 0xff, 0xff, 0x0f, 0x00, 0x00, 0x00, 0x00, 0x00, 0x09, 0x00, 0x00,
	0x00, 0x00, 0x0a, 0x00, 0x00, 0x00, 0xd8, 0x00, 0x00, 0x64, 0x00, 0x00,
	0x00, 0x00, 0x00, 0x00, 0x00, 0x00, 0x00, 0x00, 0x00, 0x00, 0x00, 0x00,
	0xff, 0xff, 0xff, 0xff, 0xff, 0xff, 0xff, 0xff, 0x80, 0x49, 0x00, 0x00,
	0xb1, 0x1e, 0x00, 0x00, 0x05, 0x00, 0x00, 0x00, 0xff, 0xff, 0xff, 0x0f,
	0xff, 0xff, 0xff, 0x0f, 0xff, 0xff, 0xff, 0x0f, 0xff, 0xff, 0xff, 0x0f,
	0xff, 0xff, 0xff, 0x0f, 0xff, 0xff, 0xff, 0x0f, 0xff, 0xff, 0xff, 0x0f,
	0x00, 0x50, 0x00, 0x00, 0x00, 0x09, 0x00, 0x00, 0x00, 0x00, 0x0a, 0x00,
	0x00, 0x00, 0xd8, 0x00, 0x00, 0x64, 0x00, 0x00, 0x00, 0x00, 0x00, 0x00,
	0x00, 0x00, 0x00, 0x00, 0x00, 0x00, 0x00, 0x00, 0xff, 0xff, 0xff, 0xff,
	0xff, 0xff, 0xff, 0xff, 0x00, 0x04, 0xec, 0x00, 0x00, 0x04, 0xec, 0x00,
	0x00, 0x04, 0xec, 0x00, 0x00, 0x04, 0xec, 0x00, 0x00, 0x04, 0x00, 0x04,
	0x1a, 0x01, 0x00, 0x04, 0xff, 0xff, 0xff, 0xff, 0xff, 0xff, 0xff, 0xff,
	0x00, 0x5b, 0x00, 0x00, 0x9f, 0x1b, 0x00, 0x00, 0x33, 0x00, 0x00, 0x00,
	0xff, 0xff, 0xff, 0x0f, 0xff, 0xff, 0xff, 0x0f, 0xff, 0xff, 0xff, 0x0f,
	0xff, 0xff, 0xff, 0x0f, 0xff, 0xff, 0xff, 0x0f, 0xff, 0xff, 0xff, 0x0f,
	0xff, 0xff, 0xff, 0x0f, 0xe8, 0x5d, 0x00, 0x00, 0x50, 0x46, 0x00, 0x00,
	0x00, 0x80, 0x02, 0x00, 0xe0, 0x9c, 0x41, 0x00, 0x00, 0x64, 0x00, 0x00,
	0x00, 0x00, 0x00, 0x00, 0x00, 0x00, 0x00, 0x00, 0x00, 0x00, 0x00, 0x00,
	0xff, 0xff, 0xff, 0xff, 0xff, 0xff, 0xff, 0xff, 0x80, 0x55, 0x00, 0x00,
	0xb1, 0x1e, 0x00, 0x00, 0x05, 0x00, 0x00, 0x00, 0xff, 0xff, 0xff, 0x0f,
	0xff, 0xff, 0xff, 0x0f, 0xff, 0xff, 0xff, 0x0f, 0xff, 0xff, 0xff, 0x0f,
	0xff, 0xff, 0xff, 0x0f, 0xff, 0xff, 0xff, 0x0f, 0xff, 0xff, 0xff, 0x0f,
	0x00, 0x50, 0x00, 0x00, 0x00, 0x09, 0x00, 0x00, 0x00, 0x00, 0x0a, 0x00,
	0x00, 0x00, 0xd8, 0x00, 0x00, 0x64, 0x00, 0x00, 0x00, 0x00, 0x00, 0x00,
	0x00, 0x00, 0x00, 0x00, 0x00, 0x00, 0x00, 0x00, 0xff, 0xff, 0xff, 0xff,
	0xff, 0xff, 0xff, 0xff, 0x00, 0x64, 0x00, 0x00, 0x00, 0x00, 0x00, 0x00,
	0x00, 0x00, 0x00, 0x00, 0xff, 0xff, 0xff, 0x0f, 0xff, 0xff, 0xff, 0x0f,
	0xff, 0xff, 0xff, 0x0f, 0xff, 0xff, 0xff, 0x0f, 0xff, 0xff, 0xff, 0x0f,
	0xff, 0xff, 0xff, 0x0f, 0xff, 0xff, 0xff, 0x0f, 0x00, 0x50, 0x00, 0x00,
	0x00, 0x09, 0x00, 0x00, 0x00, 0x00, 0x0a, 0x00, 0x00, 0x00, 0xd8, 0x00,
	0x00, 0x64, 0x00, 0x00, 0x00, 0x00, 0x00, 0x00, 0x00, 0x00, 0x00, 0x00,
	0x00, 0x00, 0x00, 0x00, 0xff, 0xff, 0xff, 0xff, 0xff, 0xff, 0xff, 0xff,
	0x80, 0x49, 0x00, 0x00, 0xb1, 0x1e, 0x00, 0x00, 0x05, 0x00, 0x00, 0x00,
	0xff, 0xff, 0xff, 0x0f, 0xff, 0xff, 0xff, 0x0f, 0xff, 0xff, 0xff, 0x0f,
	0xff, 0xff, 0xff, 0x0f, 0xff, 0xff, 0xff, 0x0f, 0xff, 0xff, 0xff, 0x0f,
	0xff, 0xff, 0xff, 0x0f, 0x00, 0x50, 0x00, 0x00, 0x00, 0x09, 0x00, 0x00,
	0x00, 0x00, 0x0a, 0x00, 0x00, 0x00, 0xd8, 0x00, 0x00, 0x64, 0x00, 0x00,
	0x00, 0x00, 0x00, 0x00, 0x00, 0x00, 0x00, 0x00, 0x00, 0x00, 0x00, 0x00,
	0xff, 0xff, 0xff, 0xff, 0xff, 0xff, 0xff, 0xff, 0x00, 0x04, 0x83, 0x00,
	0x00, 0x04, 0x67, 0x00, 0x00, 0x04, 0x67, 0x00, 0x00, 0x04, 0x67, 0x00,
	0x00, 0x04, 0x00, 0x04, 0x00, 0x04, 0x00, 0x04, 0xff, 0xff, 0xff, 0xff,
	0xff, 0xff, 0xff, 0xff, 0x00, 0x5b, 0x00, 0x00, 0x9f, 0x1b, 0x00, 0x00,
	0x33, 0x00, 0x00, 0x00, 0xff, 0xff, 0xff, 0x0f, 0xff, 0xff, 0xff, 0x0f,
	0xff, 0xff, 0xff, 0x0f, 0xff, 0xff, 0xff, 0x0f, 0xff, 0xff, 0xff, 0x0f,
	0xff, 0xff, 0xff, 0x0f, 0xff, 0xff, 0xff, 0x0f, 0xe8, 0x5d, 0x00, 0x00,
	0x50, 0x46, 0x00, 0x00, 0x00, 0x80, 0x02, 0x00, 0xe0, 0x9c, 0x41, 0x00,
	0x00, 0x64, 0x00, 0x00, 0x00, 0x00, 0x00, 0x00, 0x00, 0x00, 0x00, 0x00,
	0x00, 0x00, 0x00, 0x00, 0xff, 0xff, 0xff, 0xff, 0xff, 0xff, 0xff, 0xff,
	0x80, 0x55, 0x00, 0x00, 0xb1, 0x1e, 0x00, 0x00, 0x05, 0x00, 0x00, 0x00,
	0xff, 0xff, 0xff, 0x0f, 0xff, 0xff, 0xff, 0x0f, 0xff, 0xff, 0xff, 0x0f,
	0xff, 0xff, 0xff, 0x0f, 0xff, 0xff, 0xff, 0x0f, 0xff, 0xff, 0xff, 0x0f,
	0xff, 0xff, 0xff, 0x0f, 0x00, 0x50, 0x00, 0x00, 0x00, 0x09, 0x00, 0x00,
	0x00, 0x00, 0x0a, 0x00, 0x00, 0x00, 0xd8, 0x00, 0x00, 0x64, 0x00, 0x00,
	0x00, 0x00, 0x00, 0x00, 0x00, 0x00, 0x00, 0x00, 0x00, 0x00, 0x00, 0x00,
	0xff, 0xff, 0xff, 0xff, 0xff, 0xff, 0xff, 0xff, 0x00, 0x64, 0x00, 0x00,
	0x00, 0x00, 0x00, 0x00, 0x00, 0x00, 0x00, 0x00, 0xff, 0xff, 0xff, 0x0f,
	0xff, 0xff, 0xff, 0x0f, 0xff, 0xff, 0xff, 0x0f, 0xff, 0xff, 0xff, 0x0f,
	0xff, 0xff, 0xff, 0x0f, 0xff, 0xff, 0xff, 0x0f, 0xff, 0xff, 0xff, 0x0f,
	0x00, 0x50, 0x00, 0x00, 0x00, 0x09, 0x00, 0x00, 0x00, 0x00, 0x0a, 0x00,
	0x00, 0x00, 0xd8, 0x00, 0x00, 0x64, 0x00, 0x00, 0x00, 0x00, 0x00, 0x00,
	0x00, 0x00, 0x00, 0x00, 0x00, 0x00, 0x00, 0x00, 0xff, 0xff, 0xff, 0xff,
	0xff, 0xff, 0xff, 0xff, 0x80, 0x49, 0x00, 0x00, 0xb1, 0x1e, 0x00, 0x00,
	0x05, 0x00, 0x00, 0x00, 0xff, 0xff, 0xff, 0x0f, 0xff, 0xff, 0xff, 0x0f,
	0xff, 0xff, 0xff, 0x0f, 0xff, 0xff, 0xff, 0x0f, 0xff, 0xff, 0xff, 0x0f,
	0xff, 0xff, 0xff, 0x0f, 0xff, 0xff, 0xff, 0x0f, 0x00, 0x50, 0x00, 0x00,
	0x00, 0x09, 0x00, 0x00, 0x00, 0x00, 0x0a, 0x00, 0x00, 0x00, 0xd8, 0x00,
	0x00, 0x64, 0x00, 0x00, 0x00, 0x00, 0x00, 0x00, 0x00, 0x00, 0x00, 0x00,
	0x00, 0x00, 0x00, 0x00, 0xff, 0xff, 0xff, 0xff, 0xff, 0xff, 0xff, 0xff,
	0x00, 0x04, 0xec, 0x00, 0x00, 0x04, 0xec, 0x00, 0x00, 0x04, 0xec, 0x00,
	0x00, 0x04, 0xec, 0x00, 0x00, 0x04, 0x00, 0x04, 0xce, 0x00, 0x00, 0x04,
	0xff, 0xff, 0xff, 0xff, 0xff, 0xff, 0xff, 0xff, 0x00, 0x56, 0x00, 0x00,
	0x05, 0x17, 0x00, 0x00, 0x25, 0x00, 0x00, 0x00, 0xff, 0xff, 0xff, 0x0f,
	0xff, 0xff, 0xff, 0x0f, 0xff, 0xff, 0xff, 0x0f, 0xff, 0xff, 0xff, 0x0f,
	0xff, 0xff, 0xff, 0x0f, 0xff, 0xff, 0xff, 0x0f, 0xff, 0xff, 0xff, 0x0f,
	0xe8, 0x5d, 0x00, 0x00, 0x50, 0x46, 0x00, 0x00, 0x00, 0x80, 0x02, 0x00,
	0x00, 0x00, 0xd8, 0x00, 0x00, 0x64, 0x00, 0x00, 0x00, 0x00, 0x00, 0x00,
	0x00, 0x00, 0x00, 0x00, 0x00, 0x00, 0x00, 0x00, 0xff, 0xff, 0xff, 0xff,
	0xff, 0xff, 0xff, 0xff, 0x80, 0x50, 0x00, 0x00, 0xb1, 0x1e, 0x00, 0x00,
	0x05, 0x00, 0x00, 0x00, 0xff, 0xff, 0xff, 0x0f, 0xff, 0xff, 0xff, 0x0f,
	0xff, 0xff, 0xff, 0x0f, 0xff, 0xff, 0xff, 0x0f, 0xff, 0xff, 0xff, 0x0f,
	0xff, 0xff, 0xff, 0x0f, 0xff, 0xff, 0xff, 0x0f, 0x00, 0x50, 0x00, 0x00,
	0x00, 0x09, 0x00, 0x00, 0x00, 0x00, 0x0a, 0x00, 0x00, 0x00, 0xd8, 0x00,
	0x00, 0x64, 0x00, 0x00, 0x00, 0x00, 0x00, 0x00, 0x00, 0x00, 0x00, 0x00,
	0x00, 0x00, 0x00, 0x00, 0xff, 0xff, 0xff, 0xff, 0xff, 0xff, 0xff, 0xff,
	0x00, 0x64, 0x00, 0x00, 0x00, 0x00, 0x00, 0x00, 0x00, 0x00, 0x00, 0x00,
	0xff, 0xff, 0xff, 0x0f, 0xff, 0xff, 0xff, 0x0f, 0xff, 0xff, 0xff, 0x0f,
	0xff, 0xff, 0xff, 0x0f, 0xff, 0xff, 0xff, 0x0f, 0xff, 0xff, 0xff, 0x0f,
	0xff, 0xff, 0xff, 0x0f, 0x00, 0x50, 0x00, 0x00, 0x00, 0x09, 0x00, 0x00,
	0x00, 0x00, 0x0a, 0x00, 0x00, 0x00, 0xd8, 0x00, 0x00, 0x64, 0x00, 0x00,
	0x00, 0x00, 0x00, 0x00, 0x00, 0x00, 0x00, 0x00, 0x00, 0x00, 0x00, 0x00,
	0xff, 0xff, 0xff, 0xff, 0xff, 0xff, 0xff, 0xff, 0x80, 0x44, 0x00, 0x00,
	0xb1, 0x1e, 0x00, 0x00, 0x05, 0x00, 0x00, 0x00, 0xff, 0xff, 0xff, 0x0f,
	0xff, 0xff, 0xff, 0x0f, 0xff, 0xff, 0xff, 0x0f, 0xff, 0xff, 0xff, 0x0f,
	0xff, 0xff, 0xff, 0x0f, 0xff, 0xff, 0xff, 0x0f, 0xff, 0xff, 0xff, 0x0f,
	0x00, 0x50, 0x00, 0x00, 0x00, 0x09, 0x00, 0x00, 0x00, 0x00, 0x0a, 0x00,
	0x00, 0x00, 0xd8, 0x00, 0x00, 0x64, 0x00, 0x00, 0x00, 0x00, 0x00, 0x00,
	0x00, 0x00, 0x00, 0x00, 0x00, 0x00, 0x00, 0x00, 0xff, 0xff, 0xff, 0xff,
	0xff, 0xff, 0xff, 0xff, 0xff, 0x00, 0x04, 0x67, 0x00, 0x00, 0x04, 0xff,
	0xff, 0xff, 0xff, 0xff, 0xff, 0xff, 0xff, 0xff, 0x00, 0x50, 0x00, 0x00,
	0xfa, 0x2d, 0x00, 0x00, 0x27, 0x00, 0x00, 0x00, 0xff, 0xff, 0xff, 0x0f,
	0xff, 0xff, 0xff, 0x0f, 0x01, 0x00, 0x00, 0x00, 0xff, 0xff, 0xff, 0x0f,
	0xff, 0xff, 0xff, 0x0f, 0xff, 0xff, 0xff, 0x0f, 0xff, 0xff, 0xff, 0x0f,
	0x00, 0x00, 0x00, 0x00, 0x00, 0x09, 0x00, 0x00, 0x00, 0x00, 0x0a, 0x00,
	0x00, 0x00, 0xd8, 0x00, 0x00, 0x64, 0x00, 0x00, 0x00, 0x00, 0x00, 0x00,
	0x00, 0x00, 0x00, 0x00, 0x00, 0x00, 0x00, 0x00, 0xff, 0xff, 0xff, 0xff,
	0xff, 0xff, 0xff, 0xff, 0x00, 0x00, 0x64, 0x00, 0x63, 0x00, 0x02, 0x00,
	0x64, 0x00, 0x00, 0xff, 0xff, 0xff, 0xff, 0xff, 0xff, 0x00, 0x04, 0x67,
	0x00, 0x00, 0x04, 0xff, 0xff, 0xff, 0xff, 0xff, 0xff, 0xff, 0xff, 0xff,
	0x80, 0x36, 0x00, 0x00, 0xb1, 0x1e, 0x00, 0x00, 0x05, 0x00, 0x00, 0x00,
	0xff, 0xff, 0xff, 0x0f, 0xff, 0xff, 0xff, 0x0f, 0xff, 0xff, 0xff, 0x0f,
	0xff, 0xff, 0xff, 0x0f, 0xff, 0xff, 0xff, 0x0f, 0xff, 0xff, 0xff, 0x0f,
	0xff, 0xff, 0xff, 0x0f, 0x00, 0x50, 0x00, 0x00, 0x00, 0x09, 0x00, 0x00,
	0x00, 0x00, 0x0a, 0x00, 0x00, 0x00, 0xd8, 0x00, 0x00, 0x64, 0x00, 0x00,
	0x00, 0x00, 0x00, 0x00, 0x00, 0x00, 0x00, 0x00, 0x00, 0x00, 0x00, 0x00,
	0xff, 0xff, 0xff, 0xff, 0xff, 0xff, 0xff, 0xff, 0xff, 0x00, 0x64, 0x00,
	0x63, 0x00, 0x00, 0xff, 0xff, 0xff, 0xff, 0xff, 0xff, 0xff, 0xff, 0xff,
	0x00, 0x04, 0x67, 0x00, 0x00, 0x04, 0x00, 0x64, 0x00, 0x00, 0x00, 0x00,
	0x00, 0x00, 0x00, 0x00, 0x00, 0x00, 0xff, 0xff, 0xff, 0x0f, 0xff, 0xff,
	0xff, 0x0f, 0x01, 0x00, 0x00, 0x00, 0xff, 0xff, 0xff, 0x0f, 0xff, 0xff,
	0xff, 0x0f, 0xff, 0xff, 0xff, 0x0f, 0xff, 0xff, 0xff, 0x0f, 0x00, 0x00,
	0x00, 0x00, 0x00, 0x09, 0x00, 0x00, 0x00, 0x00, 0x0a, 0x00, 0x00, 0x00,
	0xd8, 0x00, 0x00, 0x64, 0x00, 0x00, 0x00, 0x00, 0x00, 0x00, 0x00, 0x00,
	0x00, 0x00, 0x00, 0x00, 0x00, 0x00
};

static const u8 autoservo_param_d_eiger_denali_hynix_1y[] = {
	0x00, 0x04, 0x83, 0x00, 0x00, 0x04, 0x67, 0x00, 0x00, 0x04, 0x67, 0x00,
	0x00, 0x04, 0x67, 0x00, 0x00, 0x04, 0x00, 0x04, 0x00, 0x04, 0x00, 0x04,
	0xff, 0xff, 0xff, 0xff, 0xff, 0xff, 0xff, 0xff, 0x00, 0x5b, 0x00, 0x00,
	0x9f, 0x1b, 0x00, 0x00, 0x33, 0x00, 0x00, 0x00, 0xff, 0xff, 0xff, 0x0f,
	0xff, 0xff, 0xff, 0x0f, 0xff, 0xff, 0xff, 0x0f, 0xff, 0xff, 0xff, 0x0f,
	0xff, 0xff, 0xff, 0x0f, 0xff, 0xff, 0xff, 0x0f, 0xff, 0xff, 0xff, 0x0f,
	0xe8, 0x5d, 0x00, 0x00, 0x50, 0x46, 0x00, 0x00, 0x00, 0x80, 0x02, 0x00,
	0xe0, 0x9c, 0x41, 0x00, 0x00, 0x64, 0x00, 0x00, 0x00, 0x00, 0x00, 0x00,
	0x00, 0x00, 0x00, 0x00, 0x00, 0x00, 0x00, 0x00, 0xff, 0xff, 0xff, 0xff,
	0xff, 0xff, 0xff, 0xff, 0x80, 0x56, 0x00, 0x00, 0xb1, 0x1e, 0x00, 0x00,
	0x05, 0x00, 0x00, 0x00, 0xff, 0xff, 0xff, 0x0f, 0xff, 0xff, 0xff, 0x0f,
	0xff, 0xff, 0xff, 0x0f, 0xff, 0xff, 0xff, 0x0f, 0xff, 0xff, 0xff, 0x0f,
	0xff, 0xff, 0xff, 0x0f, 0xff, 0xff, 0xff, 0x0f, 0x00, 0x50, 0x00, 0x00,
	0x00, 0x09, 0x00, 0x00, 0x00, 0x00, 0x0a, 0x00, 0x00, 0x00, 0xd8, 0x00,
	0x00, 0x64, 0x00, 0x00, 0x00, 0x00, 0x00, 0x00, 0x00, 0x00, 0x00, 0x00,
	0x00, 0x00, 0x00, 0x00, 0xff, 0xff, 0xff, 0xff, 0xff, 0xff, 0xff, 0xff,
	0x00, 0x64, 0x00, 0x00, 0x00, 0x00, 0x00, 0x00, 0x00, 0x00, 0x00, 0x00,
	0xff, 0xff, 0xff, 0x0f, 0xff, 0xff, 0xff, 0x0f, 0xff, 0xff, 0xff, 0x0f,
	0xff, 0xff, 0xff, 0x0f, 0xff, 0xff, 0xff, 0x0f, 0xff, 0xff, 0xff, 0x0f,
	0xff, 0xff, 0xff, 0x0f, 0x00, 0x00, 0x00, 0x00, 0x00, 0x09, 0x00, 0x00,
	0x00, 0x00, 0x0a, 0x00, 0x00, 0x00, 0xd8, 0x00, 0x00, 0x64, 0x00, 0x00,
	0x00, 0x00, 0x00, 0x00, 0x00, 0x00, 0x00, 0x00, 0x00, 0x00, 0x00, 0x00,
	0xff, 0xff, 0xff, 0xff, 0xff, 0xff, 0xff, 0xff, 0x80, 0x49, 0x00, 0x00,
	0xb1, 0x1e, 0x00, 0x00, 0x05, 0x00, 0x00, 0x00, 0xff, 0xff, 0xff, 0x0f,
	0xff, 0xff, 0xff, 0x0f, 0xff, 0xff, 0xff, 0x0f, 0xff, 0xff, 0xff, 0x0f,
	0xff, 0xff, 0xff, 0x0f, 0xff, 0xff, 0xff, 0x0f, 0xff, 0xff, 0xff, 0x0f,
	0x00, 0x50, 0x00, 0x00, 0x00, 0x09, 0x00, 0x00, 0x00, 0x00, 0x0a, 0x00,
	0x00, 0x00, 0xd8, 0x00, 0x00, 0x64, 0x00, 0x00, 0x00, 0x00, 0x00, 0x00,
	0x00, 0x00, 0x00, 0x00, 0x00, 0x00, 0x00, 0x00, 0xff, 0xff, 0xff, 0xff,
	0xff, 0xff, 0xff, 0xff, 0x00, 0x04, 0xec, 0x00, 0x00, 0x04, 0xec, 0x00,
	0x00, 0x04, 0xec, 0x00, 0x00, 0x04, 0xec, 0x00, 0x00, 0x04, 0x00, 0x04,
	0x1a, 0x01, 0x00, 0x04, 0xff, 0xff, 0xff, 0xff, 0xff, 0xff, 0xff, 0xff,
	0x00, 0x5b, 0x00, 0x00, 0x9f, 0x1b, 0x00, 0x00, 0x33, 0x00, 0x00, 0x00,
	0xff, 0xff, 0xff, 0x0f, 0xff, 0xff, 0xff, 0x0f, 0xff, 0xff, 0xff, 0x0f,
	0xff, 0xff, 0xff, 0x0f, 0xff, 0xff, 0xff, 0x0f, 0xff, 0xff, 0xff, 0x0f,
	0xff, 0xff, 0xff, 0x0f, 0xe8, 0x5d, 0x00, 0x00, 0x50, 0x46, 0x00, 0x00,
	0x00, 0x80, 0x02, 0x00, 0xe0, 0x9c, 0x41, 0x00, 0x00, 0x64, 0x00, 0x00,
	0x00, 0x00, 0x00, 0x00, 0x00, 0x00, 0x00, 0x00, 0x00, 0x00, 0x00, 0x00,
	0xff, 0xff, 0xff, 0xff, 0xff, 0xff, 0xff, 0xff, 0x80, 0x56, 0x00, 0x00,
	0xb1, 0x1e, 0x00, 0x00, 0x05, 0x00, 0x00, 0x00, 0xff, 0xff, 0xff, 0x0f,
	0xff, 0xff, 0xff, 0x0f, 0xff, 0xff, 0xff, 0x0f, 0xff, 0xff, 0xff, 0x0f,
	0xff, 0xff, 0xff, 0x0f, 0xff, 0xff, 0xff, 0x0f, 0xff, 0xff, 0xff, 0x0f,
	0x00, 0x50, 0x00, 0x00, 0x00, 0x09, 0x00, 0x00, 0x00, 0x00, 0x0a, 0x00,
	0x00, 0x00, 0xd8, 0x00, 0x00, 0x64, 0x00, 0x00, 0x00, 0x00, 0x00, 0x00,
	0x00, 0x00, 0x00, 0x00, 0x00, 0x00, 0x00, 0x00, 0xff, 0xff, 0xff, 0xff,
	0xff, 0xff, 0xff, 0xff, 0x00, 0x64, 0x00, 0x00, 0x00, 0x00, 0x00, 0x00,
	0x00, 0x00, 0x00, 0x00, 0xff, 0xff, 0xff, 0x0f, 0xff, 0xff, 0xff, 0x0f,
	0xff, 0xff, 0xff, 0x0f, 0xff, 0xff, 0xff, 0x0f, 0xff, 0xff, 0xff, 0x0f,
	0xff, 0xff, 0xff, 0x0f, 0xff, 0xff, 0xff, 0x0f, 0x00, 0x50, 0x00, 0x00,
	0x00, 0x09, 0x00, 0x00, 0x00, 0x00, 0x0a, 0x00, 0x00, 0x00, 0xd8, 0x00,
	0x00, 0x64, 0x00, 0x00, 0x00, 0x00, 0x00, 0x00, 0x00, 0x00, 0x00, 0x00,
	0x00, 0x00, 0x00, 0x00, 0xff, 0xff, 0xff, 0xff, 0xff, 0xff, 0xff, 0xff,
	0x80, 0x49, 0x00, 0x00, 0xb1, 0x1e, 0x00, 0x00, 0x05, 0x00, 0x00, 0x00,
	0xff, 0xff, 0xff, 0x0f, 0xff, 0xff, 0xff, 0x0f, 0xff, 0xff, 0xff, 0x0f,
	0xff, 0xff, 0xff, 0x0f, 0xff, 0xff, 0xff, 0x0f, 0xff, 0xff, 0xff, 0x0f,
	0xff, 0xff, 0xff, 0x0f, 0x00, 0x50, 0x00, 0x00, 0x00, 0x09, 0x00, 0x00,
	0x00, 0x00, 0x0a, 0x00, 0x00, 0x00, 0xd8, 0x00, 0x00, 0x64, 0x00, 0x00,
	0x00, 0x00, 0x00, 0x00, 0x00, 0x00, 0x00, 0x00, 0x00, 0x00, 0x00, 0x00,
	0xff, 0xff, 0xff, 0xff, 0xff, 0xff, 0xff, 0xff, 0x00, 0x04, 0x83, 0x00,
	0x00, 0x04, 0x67, 0x00, 0x00, 0x04, 0x67, 0x00, 0x00, 0x04, 0x67, 0x00,
	0x00, 0x04, 0x00, 0x04, 0x00, 0x04, 0x00, 0x04, 0xff, 0xff, 0xff, 0xff,
	0xff, 0xff, 0xff, 0xff, 0x00, 0x5b, 0x00, 0x00, 0x9f, 0x1b, 0x00, 0x00,
	0x33, 0x00, 0x00, 0x00, 0xff, 0xff, 0xff, 0x0f, 0xff, 0xff, 0xff, 0x0f,
	0xff, 0xff, 0xff, 0x0f, 0xff, 0xff, 0xff, 0x0f, 0xff, 0xff, 0xff, 0x0f,
	0xff, 0xff, 0xff, 0x0f, 0xff, 0xff, 0xff, 0x0f, 0xe8, 0x5d, 0x00, 0x00,
	0x50, 0x46, 0x00, 0x00, 0x00, 0x80, 0x02, 0x00, 0xe0, 0x9c, 0x41, 0x00,
	0x00, 0x64, 0x00, 0x00, 0x00, 0x00, 0x00, 0x00, 0x00, 0x00, 0x00, 0x00,
	0x00, 0x00, 0x00, 0x00, 0xff, 0xff, 0xff, 0xff, 0xff, 0xff, 0xff, 0xff,
	0x80, 0x56, 0x00, 0x00, 0xb1, 0x1e, 0x00, 0x00, 0x05, 0x00, 0x00, 0x00,
	0xff, 0xff, 0xff, 0x0f, 0xff, 0xff, 0xff, 0x0f, 0xff, 0xff, 0xff, 0x0f,
	0xff, 0xff, 0xff, 0x0f, 0xff, 0xff, 0xff, 0x0f, 0xff, 0xff, 0xff, 0x0f,
	0xff, 0xff, 0xff, 0x0f, 0x00, 0x50, 0x00, 0x00, 0x00, 0x09, 0x00, 0x00,
	0x00, 0x00, 0x0a, 0x00, 0x00, 0x00, 0xd8, 0x00, 0x00, 0x64, 0x00, 0x00,
	0x00, 0x00, 0x00, 0x00, 0x00, 0x00, 0x00, 0x00, 0x00, 0x00, 0x00, 0x00,
	0xff, 0xff, 0xff, 0xff, 0xff, 0xff, 0xff, 0xff, 0x00, 0x64, 0x00, 0x00,
	0x00, 0x00, 0x00, 0x00, 0x00, 0x00, 0x00, 0x00, 0xff, 0xff, 0xff, 0x0f,
	0xff, 0xff, 0xff, 0x0f, 0xff, 0xff, 0xff, 0x0f, 0xff, 0xff, 0xff, 0x0f,
	0xff, 0xff, 0xff, 0x0f, 0xff, 0xff, 0xff, 0x0f, 0xff, 0xff, 0xff, 0x0f,
	0x00, 0x50, 0x00, 0x00, 0x00, 0x09, 0x00, 0x00, 0x00, 0x00, 0x0a, 0x00,
	0x00, 0x00, 0xd8, 0x00, 0x00, 0x64, 0x00, 0x00, 0x00, 0x00, 0x00, 0x00,
	0x00, 0x00, 0x00, 0x00, 0x00, 0x00, 0x00, 0x00, 0xff, 0xff, 0xff, 0xff,
	0xff, 0xff, 0xff, 0xff, 0x80, 0x49, 0x00, 0x00, 0xb1, 0x1e, 0x00, 0x00,
	0x05, 0x00, 0x00, 0x00, 0xff, 0xff, 0xff, 0x0f, 0xff, 0xff, 0xff, 0x0f,
	0xff, 0xff, 0xff, 0x0f, 0xff, 0xff, 0xff, 0x0f, 0xff, 0xff, 0xff, 0x0f,
	0xff, 0xff, 0xff, 0x0f, 0xff, 0xff, 0xff, 0x0f, 0x00, 0x50, 0x00, 0x00,
	0x00, 0x09, 0x00, 0x00, 0x00, 0x00, 0x0a, 0x00, 0x00, 0x00, 0xd8, 0x00,
	0x00, 0x64, 0x00, 0x00, 0x00, 0x00, 0x00, 0x00, 0x00, 0x00, 0x00, 0x00,
	0x00, 0x00, 0x00, 0x00, 0xff, 0xff, 0xff, 0xff, 0xff, 0xff, 0xff, 0xff,
	0x00, 0x04, 0xec, 0x00, 0x00, 0x04, 0xec, 0x00, 0x00, 0x04, 0xec, 0x00,
	0x00, 0x04, 0xec, 0x00, 0x00, 0x04, 0x00, 0x04, 0xce, 0x00, 0x00, 0x04,
	0xff, 0xff, 0xff, 0xff, 0xff, 0xff, 0xff, 0xff, 0x00, 0x56, 0x00, 0x00,
	0x05, 0x17, 0x00, 0x00, 0x25, 0x00, 0x00, 0x00, 0xff, 0xff, 0xff, 0x0f,
	0xff, 0xff, 0xff, 0x0f, 0xff, 0xff, 0xff, 0x0f, 0xff, 0xff, 0xff, 0x0f,
	0xff, 0xff, 0xff, 0x0f, 0xff, 0xff, 0xff, 0x0f, 0xff, 0xff, 0xff, 0x0f,
	0xe8, 0x5d, 0x00, 0x00, 0x50, 0x46, 0x00, 0x00, 0x00, 0x80, 0x02, 0x00,
	0x00, 0x00, 0xd8, 0x00, 0x00, 0x64, 0x00, 0x00, 0x00, 0x00, 0x00, 0x00,
	0x00, 0x00, 0x00, 0x00, 0x00, 0x00, 0x00, 0x00, 0xff, 0xff, 0xff, 0xff,
	0xff, 0xff, 0xff, 0xff, 0x80, 0x51, 0x00, 0x00, 0xb1, 0x1e, 0x00, 0x00,
	0x05, 0x00, 0x00, 0x00, 0xff, 0xff, 0xff, 0x0f, 0xff, 0xff, 0xff, 0x0f,
	0xff, 0xff, 0xff, 0x0f, 0xff, 0xff, 0xff, 0x0f, 0xff, 0xff, 0xff, 0x0f,
	0xff, 0xff, 0xff, 0x0f, 0xff, 0xff, 0xff, 0x0f, 0x00, 0x50, 0x00, 0x00,
	0x00, 0x09, 0x00, 0x00, 0x00, 0x00, 0x0a, 0x00, 0x00, 0x00, 0xd8, 0x00,
	0x00, 0x64, 0x00, 0x00, 0x00, 0x00, 0x00, 0x00, 0x00, 0x00, 0x00, 0x00,
	0x00, 0x00, 0x00, 0x00, 0xff, 0xff, 0xff, 0xff, 0xff, 0xff, 0xff, 0xff,
	0x00, 0x64, 0x00, 0x00, 0x00, 0x00, 0x00, 0x00, 0x00, 0x00, 0x00, 0x00,
	0xff, 0xff, 0xff, 0x0f, 0xff, 0xff, 0xff, 0x0f, 0xff, 0xff, 0xff, 0x0f,
	0xff, 0xff, 0xff, 0x0f, 0xff, 0xff, 0xff, 0x0f, 0xff, 0xff, 0xff, 0x0f,
	0xff, 0xff, 0xff, 0x0f, 0x00, 0x50, 0x00, 0x00, 0x00, 0x09, 0x00, 0x00,
	0x00, 0x00, 0x0a, 0x00, 0x00, 0x00, 0xd8, 0x00, 0x00, 0x64, 0x00, 0x00,
	0x00, 0x00, 0x00, 0x00, 0x00, 0x00, 0x00, 0x00, 0x00, 0x00, 0x00, 0x00,
	0xff, 0xff, 0xff, 0xff, 0xff, 0xff, 0xff, 0xff, 0x80, 0x44, 0x00, 0x00,
	0xb1, 0x1e, 0x00, 0x00, 0x05, 0x00, 0x00, 0x00, 0xff, 0xff, 0xff, 0x0f,
	0xff, 0xff, 0xff, 0x0f, 0xff, 0xff, 0xff, 0x0f, 0xff, 0xff, 0xff, 0x0f,
	0xff, 0xff, 0xff, 0x0f, 0xff, 0xff, 0xff, 0x0f, 0xff, 0xff, 0xff, 0x0f,
	0x00, 0x50, 0x00, 0x00, 0x00, 0x09, 0x00, 0x00, 0x00, 0x00, 0x0a, 0x00,
	0x00, 0x00, 0xd8, 0x00, 0x00, 0x64, 0x00, 0x00, 0x00, 0x00, 0x00, 0x00,
	0x00, 0x00, 0x00, 0x00, 0x00, 0x00, 0x00, 0x00, 0xff, 0xff, 0xff, 0xff,
	0xff, 0xff, 0xff, 0xff, 0xff, 0x00, 0x04, 0x67, 0x00, 0x00, 0x04, 0xff,
	0xff, 0xff, 0xff, 0xff, 0xff, 0xff, 0xff, 0xff, 0x00, 0x50, 0x00, 0x00,
	0xfa, 0x2d, 0x00, 0x00, 0x27, 0x00, 0x00, 0x00, 0xff, 0xff, 0xff, 0x0f,
	0xff, 0xff, 0xff, 0x0f, 0x01, 0x00, 0x00, 0x00, 0xff, 0xff, 0xff, 0x0f,
	0xff, 0xff, 0xff, 0x0f, 0xff, 0xff, 0xff, 0x0f, 0xff, 0xff, 0xff, 0x0f,
	0x00, 0x00, 0x00, 0x00, 0x00, 0x09, 0x00, 0x00, 0x00, 0x00, 0x0a, 0x00,
	0x00, 0x00, 0xd8, 0x00, 0x00, 0x64, 0x00, 0x00, 0x00, 0x00, 0x00, 0x00,
	0x00, 0x00, 0x00, 0x00, 0x00, 0x00, 0x00, 0x00, 0xff, 0xff, 0xff, 0xff,
	0xff, 0xff, 0xff, 0xff, 0x00, 0x00, 0x64, 0x00, 0x63, 0x00, 0x02, 0x00,
	0x64, 0x00, 0x00, 0xff, 0xff, 0xff, 0xff, 0xff, 0xff, 0x00, 0x04, 0x67,
	0x00, 0x00, 0x04, 0xff, 0xff, 0xff, 0xff, 0xff, 0xff, 0xff, 0xff, 0xff,
	0x80, 0x36, 0x00, 0x00, 0xb1, 0x1e, 0x00, 0x00, 0x05, 0x00, 0x00, 0x00,
	0xff, 0xff, 0xff, 0x0f, 0xff, 0xff, 0xff, 0x0f, 0xff, 0xff, 0xff, 0x0f,
	0xff, 0xff, 0xff, 0x0f, 0xff, 0xff, 0xff, 0x0f, 0xff, 0xff, 0xff, 0x0f,
	0xff, 0xff, 0xff, 0x0f, 0x00, 0x50, 0x00, 0x00, 0x00, 0x09, 0x00, 0x00,
	0x00, 0x00, 0x0a, 0x00, 0x00, 0x00, 0xd8, 0x00, 0x00, 0x64, 0x00, 0x00,
	0x00, 0x00, 0x00, 0x00, 0x00, 0x00, 0x00, 0x00, 0x00, 0x00, 0x00, 0x00,
	0xff, 0xff, 0xff, 0xff, 0xff, 0xff, 0xff, 0xff, 0xff, 0x00, 0x64, 0x00,
	0x63, 0x00, 0x00, 0xff, 0xff, 0xff, 0xff, 0xff, 0xff, 0xff, 0xff, 0xff,
	0x00, 0x04, 0x67, 0x00, 0x00, 0x04, 0x00, 0x64, 0x00, 0x00, 0x00, 0x00,
	0x00, 0x00, 0x00, 0x00, 0x00, 0x00, 0xff, 0xff, 0xff, 0x0f, 0xff, 0xff,
	0xff, 0x0f, 0x01, 0x00, 0x00, 0x00, 0xff, 0xff, 0xff, 0x0f, 0xff, 0xff,
	0xff, 0x0f, 0xff, 0xff, 0xff, 0x0f, 0xff, 0xff, 0xff, 0x0f, 0x00, 0x00,
	0x00, 0x00, 0x00, 0x09, 0x00, 0x00, 0x00, 0x00, 0x0a, 0x00, 0x00, 0x00,
	0xd8, 0x00, 0x00, 0x64, 0x00, 0x00, 0x00, 0x00, 0x00, 0x00, 0x00, 0x00,
	0x00, 0x00, 0x00, 0x00, 0x00, 0x00
};

static const u8 autoservo_param_d_eiger_denali_micron_130s_y31j[] = {
	0x00, 0x04, 0x83, 0x00, 0x00, 0x04, 0x67, 0x00, 0x00, 0x04, 0x67, 0x00,
	0x00, 0x04, 0x67, 0x00, 0x00, 0x04, 0x00, 0x04, 0x00, 0x04, 0x00, 0x04,
	0xff, 0xff, 0xff, 0xff, 0xff, 0xff, 0xff, 0xff, 0x00, 0x5b, 0x00, 0x00,
	0x9f, 0x1b, 0x00, 0x00, 0x33, 0x00, 0x00, 0x00, 0xff, 0xff, 0xff, 0x0f,
	0xff, 0xff, 0xff, 0x0f, 0xff, 0xff, 0xff, 0x0f, 0xff, 0xff, 0xff, 0x0f,
	0xff, 0xff, 0xff, 0x0f, 0xff, 0xff, 0xff, 0x0f, 0xff, 0xff, 0xff, 0x0f,
	0xe8, 0x5d, 0x00, 0x00, 0x50, 0x46, 0x00, 0x00, 0x00, 0x80, 0x02, 0x00,
	0xe0, 0x9c, 0x41, 0x00, 0x00, 0x64, 0x00, 0x00, 0x00, 0x00, 0x00, 0x00,
	0x00, 0x00, 0x00, 0x00, 0x00, 0x00, 0x00, 0x00, 0xff, 0xff, 0xff, 0xff,
	0xff, 0xff, 0xff, 0xff, 0x00, 0x55, 0x00, 0x00, 0xb1, 0x1e, 0x00, 0x00,
	0x05, 0x00, 0x00, 0x00, 0xff, 0xff, 0xff, 0x0f, 0xff, 0xff, 0xff, 0x0f,
	0xff, 0xff, 0xff, 0x0f, 0xff, 0xff, 0xff, 0x0f, 0xff, 0xff, 0xff, 0x0f,
	0xff, 0xff, 0xff, 0x0f, 0xff, 0xff, 0xff, 0x0f, 0x00, 0x50, 0x00, 0x00,
	0x00, 0x09, 0x00, 0x00, 0x00, 0x00, 0x0a, 0x00, 0x00, 0x00, 0xd8, 0x00,
	0x00, 0x64, 0x00, 0x00, 0x00, 0x00, 0x00, 0x00, 0x00, 0x00, 0x00, 0x00,
	0x00, 0x00, 0x00, 0x00, 0xff, 0xff, 0xff, 0xff, 0xff, 0xff, 0xff, 0xff,
	0x00, 0x64, 0x00, 0x00, 0x00, 0x00, 0x00, 0x00, 0x00, 0x00, 0x00, 0x00,
	0xff, 0xff, 0xff, 0x0f, 0xff, 0xff, 0xff, 0x0f, 0xff, 0xff, 0xff, 0x0f,
	0xff, 0xff, 0xff, 0x0f, 0xff, 0xff, 0xff, 0x0f, 0xff, 0xff, 0xff, 0x0f,
	0xff, 0xff, 0xff, 0x0f, 0x00, 0x00, 0x00, 0x00, 0x00, 0x09, 0x00, 0x00,
	0x00, 0x00, 0x0a, 0x00, 0x00, 0x00, 0xd8, 0x00, 0x00, 0x64, 0x00, 0x00,
	0x00, 0x00, 0x00, 0x00, 0x00, 0x00, 0x00, 0x00, 0x00, 0x00, 0x00, 0x00,
	0xff, 0xff, 0xff, 0xff, 0xff, 0xff, 0xff, 0xff, 0x80, 0x47, 0x00, 0x00,
	0xb1, 0x1e, 0x00, 0x00, 0x05, 0x00, 0x00, 0x00, 0xff, 0xff, 0xff, 0x0f,
	0xff, 0xff, 0xff, 0x0f, 0xff, 0xff, 0xff, 0x0f, 0xff, 0xff, 0xff, 0x0f,
	0xff, 0xff, 0xff, 0x0f, 0xff, 0xff, 0xff, 0x0f, 0xff, 0xff, 0xff, 0x0f,
	0x00, 0x50, 0x00, 0x00, 0x00, 0x09, 0x00, 0x00, 0x00, 0x00, 0x0a, 0x00,
	0x00, 0x00, 0xd8, 0x00, 0x00, 0x64, 0x00, 0x00, 0x00, 0x00, 0x00, 0x00,
	0x00, 0x00, 0x00, 0x00, 0x00, 0x00, 0x00, 0x00, 0xff, 0xff, 0xff, 0xff,
	0xff, 0xff, 0xff, 0xff, 0x00, 0x04, 0xec, 0x00, 0x00, 0x04, 0xec, 0x00,
	0x00, 0x04, 0xec, 0x00, 0x00, 0x04, 0xec, 0x00, 0x00, 0x04, 0x00, 0x04,
	0x1a, 0x01, 0x00, 0x04, 0xff, 0xff, 0xff, 0xff, 0xff, 0xff, 0xff, 0xff,
	0x00, 0x5b, 0x00, 0x00, 0x9f, 0x1b, 0x00, 0x00, 0x33, 0x00, 0x00, 0x00,
	0xff, 0xff, 0xff, 0x0f, 0xff, 0xff, 0xff, 0x0f, 0xff, 0xff, 0xff, 0x0f,
	0xff, 0xff, 0xff, 0x0f, 0xff, 0xff, 0xff, 0x0f, 0xff, 0xff, 0xff, 0x0f,
	0xff, 0xff, 0xff, 0x0f, 0xe8, 0x5d, 0x00, 0x00, 0x50, 0x46, 0x00, 0x00,
	0x00, 0x80, 0x02, 0x00, 0xe0, 0x9c, 0x41, 0x00, 0x00, 0x64, 0x00, 0x00,
	0x00, 0x00, 0x00, 0x00, 0x00, 0x00, 0x00, 0x00, 0x00, 0x00, 0x00, 0x00,
	0xff, 0xff, 0xff, 0xff, 0xff, 0xff, 0xff, 0xff, 0x00, 0x55, 0x00, 0x00,
	0xb1, 0x1e, 0x00, 0x00, 0x05, 0x00, 0x00, 0x00, 0xff, 0xff, 0xff, 0x0f,
	0xff, 0xff, 0xff, 0x0f, 0xff, 0xff, 0xff, 0x0f, 0xff, 0xff, 0xff, 0x0f,
	0xff, 0xff, 0xff, 0x0f, 0xff, 0xff, 0xff, 0x0f, 0xff, 0xff, 0xff, 0x0f,
	0x00, 0x50, 0x00, 0x00, 0x00, 0x09, 0x00, 0x00, 0x00, 0x00, 0x0a, 0x00,
	0x00, 0x00, 0xd8, 0x00, 0x00, 0x64, 0x00, 0x00, 0x00, 0x00, 0x00, 0x00,
	0x00, 0x00, 0x00, 0x00, 0x00, 0x00, 0x00, 0x00, 0xff, 0xff, 0xff, 0xff,
	0xff, 0xff, 0xff, 0xff, 0x00, 0x64, 0x00, 0x00, 0x00, 0x00, 0x00, 0x00,
	0x00, 0x00, 0x00, 0x00, 0xff, 0xff, 0xff, 0x0f, 0xff, 0xff, 0xff, 0x0f,
	0xff, 0xff, 0xff, 0x0f, 0xff, 0xff, 0xff, 0x0f, 0xff, 0xff, 0xff, 0x0f,
	0xff, 0xff, 0xff, 0x0f, 0xff, 0xff, 0xff, 0x0f, 0x00, 0x50, 0x00, 0x00,
	0x00, 0x09, 0x00, 0x00, 0x00, 0x00, 0x0a, 0x00, 0x00, 0x00, 0xd8, 0x00,
	0x00, 0x64, 0x00, 0x00, 0x00, 0x00, 0x00, 0x00, 0x00, 0x00, 0x00, 0x00,
	0x00, 0x00, 0x00, 0x00, 0xff, 0xff, 0xff, 0xff, 0xff, 0xff, 0xff, 0xff,
	0x80, 0x47, 0x00, 0x00, 0xb1, 0x1e, 0x00, 0x00, 0x05, 0x00, 0x00, 0x00,
	0xff, 0xff, 0xff, 0x0f, 0xff, 0xff, 0xff, 0x0f, 0xff, 0xff, 0xff, 0x0f,
	0xff, 0xff, 0xff, 0x0f, 0xff, 0xff, 0xff, 0x0f, 0xff, 0xff, 0xff, 0x0f,
	0xff, 0xff, 0xff, 0x0f, 0x00, 0x50, 0x00, 0x00, 0x00, 0x09, 0x00, 0x00,
	0x00, 0x00, 0x0a, 0x00, 0x00, 0x00, 0xd8, 0x00, 0x00, 0x64, 0x00, 0x00,
	0x00, 0x00, 0x00, 0x00, 0x00, 0x00, 0x00, 0x00, 0x00, 0x00, 0x00, 0x00,
	0xff, 0xff, 0xff, 0xff, 0xff, 0xff, 0xff, 0xff, 0x00, 0x04, 0x83, 0x00,
	0x00, 0x04, 0x67, 0x00, 0x00, 0x04, 0x67, 0x00, 0x00, 0x04, 0x67, 0x00,
	0x00, 0x04, 0x00, 0x04, 0x00, 0x04, 0x00, 0x04, 0xff, 0xff, 0xff, 0xff,
	0xff, 0xff, 0xff, 0xff, 0x00, 0x5b, 0x00, 0x00, 0x9f, 0x1b, 0x00, 0x00,
	0x33, 0x00, 0x00, 0x00, 0xff, 0xff, 0xff, 0x0f, 0xff, 0xff, 0xff, 0x0f,
	0xff, 0xff, 0xff, 0x0f, 0xff, 0xff, 0xff, 0x0f, 0xff, 0xff, 0xff, 0x0f,
	0xff, 0xff, 0xff, 0x0f, 0xff, 0xff, 0xff, 0x0f, 0xe8, 0x5d, 0x00, 0x00,
	0x50, 0x46, 0x00, 0x00, 0x00, 0x80, 0x02, 0x00, 0xe0, 0x9c, 0x41, 0x00,
	0x00, 0x64, 0x00, 0x00, 0x00, 0x00, 0x00, 0x00, 0x00, 0x00, 0x00, 0x00,
	0x00, 0x00, 0x00, 0x00, 0xff, 0xff, 0xff, 0xff, 0xff, 0xff, 0xff, 0xff,
	0x00, 0x55, 0x00, 0x00, 0xb1, 0x1e, 0x00, 0x00, 0x05, 0x00, 0x00, 0x00,
	0xff, 0xff, 0xff, 0x0f, 0xff, 0xff, 0xff, 0x0f, 0xff, 0xff, 0xff, 0x0f,
	0xff, 0xff, 0xff, 0x0f, 0xff, 0xff, 0xff, 0x0f, 0xff, 0xff, 0xff, 0x0f,
	0xff, 0xff, 0xff, 0x0f, 0x00, 0x50, 0x00, 0x00, 0x00, 0x09, 0x00, 0x00,
	0x00, 0x00, 0x0a, 0x00, 0x00, 0x00, 0xd8, 0x00, 0x00, 0x64, 0x00, 0x00,
	0x00, 0x00, 0x00, 0x00, 0x00, 0x00, 0x00, 0x00, 0x00, 0x00, 0x00, 0x00,
	0xff, 0xff, 0xff, 0xff, 0xff, 0xff, 0xff, 0xff, 0x00, 0x64, 0x00, 0x00,
	0x00, 0x00, 0x00, 0x00, 0x00, 0x00, 0x00, 0x00, 0xff, 0xff, 0xff, 0x0f,
	0xff, 0xff, 0xff, 0x0f, 0xff, 0xff, 0xff, 0x0f, 0xff, 0xff, 0xff, 0x0f,
	0xff, 0xff, 0xff, 0x0f, 0xff, 0xff, 0xff, 0x0f, 0xff, 0xff, 0xff, 0x0f,
	0x00, 0x50, 0x00, 0x00, 0x00, 0x09, 0x00, 0x00, 0x00, 0x00, 0x0a, 0x00,
	0x00, 0x00, 0xd8, 0x00, 0x00, 0x64, 0x00, 0x00, 0x00, 0x00, 0x00, 0x00,
	0x00, 0x00, 0x00, 0x00, 0x00, 0x00, 0x00, 0x00, 0xff, 0xff, 0xff, 0xff,
	0xff, 0xff, 0xff, 0xff, 0x80, 0x47, 0x00, 0x00, 0xb1, 0x1e, 0x00, 0x00,
	0x05, 0x00, 0x00, 0x00, 0xff, 0xff, 0xff, 0x0f, 0xff, 0xff, 0xff, 0x0f,
	0xff, 0xff, 0xff, 0x0f, 0xff, 0xff, 0xff, 0x0f, 0xff, 0xff, 0xff, 0x0f,
	0xff, 0xff, 0xff, 0x0f, 0xff, 0xff, 0xff, 0x0f, 0x00, 0x50, 0x00, 0x00,
	0x00, 0x09, 0x00, 0x00, 0x00, 0x00, 0x0a, 0x00, 0x00, 0x00, 0xd8, 0x00,
	0x00, 0x64, 0x00, 0x00, 0x00, 0x00, 0x00, 0x00, 0x00, 0x00, 0x00, 0x00,
	0x00, 0x00, 0x00, 0x00, 0xff, 0xff, 0xff, 0xff, 0xff, 0xff, 0xff, 0xff,
	0x00, 0x04, 0xec, 0x00, 0x00, 0x04, 0xec, 0x00, 0x00, 0x04, 0xec, 0x00,
	0x00, 0x04, 0xec, 0x00, 0x00, 0x04, 0x00, 0x04, 0xce, 0x00, 0x00, 0x04,
	0xff, 0xff, 0xff, 0xff, 0xff, 0xff, 0xff, 0xff, 0x00, 0x56, 0x00, 0x00,
	0x05, 0x17, 0x00, 0x00, 0x25, 0x00, 0x00, 0x00, 0xff, 0xff, 0xff, 0x0f,
	0xff, 0xff, 0xff, 0x0f, 0xff, 0xff, 0xff, 0x0f, 0xff, 0xff, 0xff, 0x0f,
	0xff, 0xff, 0xff, 0x0f, 0xff, 0xff, 0xff, 0x0f, 0xff, 0xff, 0xff, 0x0f,
	0xe8, 0x5d, 0x00, 0x00, 0x50, 0x46, 0x00, 0x00, 0x00, 0x80, 0x02, 0x00,
	0x00, 0x00, 0xd8, 0x00, 0x00, 0x64, 0x00, 0x00, 0x00, 0x00, 0x00, 0x00,
	0x00, 0x00, 0x00, 0x00, 0x00, 0x00, 0x00, 0x00, 0xff, 0xff, 0xff, 0xff,
	0xff, 0xff, 0xff, 0xff, 0x00, 0x50, 0x00, 0x00, 0xb1, 0x1e, 0x00, 0x00,
	0x05, 0x00, 0x00, 0x00, 0xff, 0xff, 0xff, 0x0f, 0xff, 0xff, 0xff, 0x0f,
	0xff, 0xff, 0xff, 0x0f, 0xff, 0xff, 0xff, 0x0f, 0xff, 0xff, 0xff, 0x0f,
	0xff, 0xff, 0xff, 0x0f, 0xff, 0xff, 0xff, 0x0f, 0x00, 0x50, 0x00, 0x00,
	0x00, 0x09, 0x00, 0x00, 0x00, 0x00, 0x0a, 0x00, 0x00, 0x00, 0xd8, 0x00,
	0x00, 0x64, 0x00, 0x00, 0x00, 0x00, 0x00, 0x00, 0x00, 0x00, 0x00, 0x00,
	0x00, 0x00, 0x00, 0x00, 0xff, 0xff, 0xff, 0xff, 0xff, 0xff, 0xff, 0xff,
	0x00, 0x64, 0x00, 0x00, 0x00, 0x00, 0x00, 0x00, 0x00, 0x00, 0x00, 0x00,
	0xff, 0xff, 0xff, 0x0f, 0xff, 0xff, 0xff, 0x0f, 0xff, 0xff, 0xff, 0x0f,
	0xff, 0xff, 0xff, 0x0f, 0xff, 0xff, 0xff, 0x0f, 0xff, 0xff, 0xff, 0x0f,
	0xff, 0xff, 0xff, 0x0f, 0x00, 0x50, 0x00, 0x00, 0x00, 0x09, 0x00, 0x00,
	0x00, 0x00, 0x0a, 0x00, 0x00, 0x00, 0xd8, 0x00, 0x00, 0x64, 0x00, 0x00,
	0x00, 0x00, 0x00, 0x00, 0x00, 0x00, 0x00, 0x00, 0x00, 0x00, 0x00, 0x00,
	0xff, 0xff, 0xff, 0xff, 0xff, 0xff, 0xff, 0xff, 0x80, 0x42, 0x00, 0x00,
	0xb1, 0x1e, 0x00, 0x00, 0x05, 0x00, 0x00, 0x00, 0xff, 0xff, 0xff, 0x0f,
	0xff, 0xff, 0xff, 0x0f, 0xff, 0xff, 0xff, 0x0f, 0xff, 0xff, 0xff, 0x0f,
	0xff, 0xff, 0xff, 0x0f, 0xff, 0xff, 0xff, 0x0f, 0xff, 0xff, 0xff, 0x0f,
	0x00, 0x50, 0x00, 0x00, 0x00, 0x09, 0x00, 0x00, 0x00, 0x00, 0x0a, 0x00,
	0x00, 0x00, 0xd8, 0x00, 0x00, 0x64, 0x00, 0x00, 0x00, 0x00, 0x00, 0x00,
	0x00, 0x00, 0x00, 0x00, 0x00, 0x00, 0x00, 0x00, 0xff, 0xff, 0xff, 0xff,
	0xff, 0xff, 0xff, 0xff, 0xff, 0x00, 0x04, 0x67, 0x00, 0x00, 0x04, 0xff,
	0xff, 0xff, 0xff, 0xff, 0xff, 0xff, 0xff, 0xff, 0x00, 0x50, 0x00, 0x00,
	0xfa, 0x2d, 0x00, 0x00, 0x27, 0x00, 0x00, 0x00, 0xff, 0xff, 0xff, 0x0f,
	0xff, 0xff, 0xff, 0x0f, 0x01, 0x00, 0x00, 0x00, 0xff, 0xff, 0xff, 0x0f,
	0xff, 0xff, 0xff, 0x0f, 0xff, 0xff, 0xff, 0x0f, 0xff, 0xff, 0xff, 0x0f,
	0x00, 0x00, 0x00, 0x00, 0x00, 0x09, 0x00, 0x00, 0x00, 0x00, 0x0a, 0x00,
	0x00, 0x00, 0xd8, 0x00, 0x00, 0x64, 0x00, 0x00, 0x00, 0x00, 0x00, 0x00,
	0x00, 0x00, 0x00, 0x00, 0x00, 0x00, 0x00, 0x00, 0xff, 0xff, 0xff, 0xff,
	0xff, 0xff, 0xff, 0xff, 0x00, 0x00, 0x64, 0x00, 0x63, 0x00, 0x02, 0x00,
	0x64, 0x00, 0x00, 0xff, 0xff, 0xff, 0xff, 0xff, 0xff, 0x00, 0x04, 0x67,
	0x00, 0x00, 0x04, 0xff, 0xff, 0xff, 0xff, 0xff, 0xff, 0xff, 0xff, 0xff,
	0x80, 0x36, 0x00, 0x00, 0xb1, 0x1e, 0x00, 0x00, 0x05, 0x00, 0x00, 0x00,
	0xff, 0xff, 0xff, 0x0f, 0xff, 0xff, 0xff, 0x0f, 0xff, 0xff, 0xff, 0x0f,
	0xff, 0xff, 0xff, 0x0f, 0xff, 0xff, 0xff, 0x0f, 0xff, 0xff, 0xff, 0x0f,
	0xff, 0xff, 0xff, 0x0f, 0x00, 0x50, 0x00, 0x00, 0x00, 0x09, 0x00, 0x00,
	0x00, 0x00, 0x0a, 0x00, 0x00, 0x00, 0xd8, 0x00, 0x00, 0x64, 0x00, 0x00,
	0x00, 0x00, 0x00, 0x00, 0x00, 0x00, 0x00, 0x00, 0x00, 0x00, 0x00, 0x00,
	0xff, 0xff, 0xff, 0xff, 0xff, 0xff, 0xff, 0xff, 0xff, 0x00, 0x64, 0x00,
	0x63, 0x00, 0x00, 0xff, 0xff, 0xff, 0xff, 0xff, 0xff, 0xff, 0xff, 0xff,
	0x00, 0x04, 0x67, 0x00, 0x00, 0x04, 0x00, 0x64, 0x00, 0x00, 0x00, 0x00,
	0x00, 0x00, 0x00, 0x00, 0x00, 0x00, 0xff, 0xff, 0xff, 0x0f, 0xff, 0xff,
	0xff, 0x0f, 0x01, 0x00, 0x00, 0x00, 0xff, 0xff, 0xff, 0x0f, 0xff, 0xff,
	0xff, 0x0f, 0xff, 0xff, 0xff, 0x0f, 0xff, 0xff, 0xff, 0x0f, 0x00, 0x00,
	0x00, 0x00, 0x00, 0x09, 0x00, 0x00, 0x00, 0x00, 0x0a, 0x00, 0x00, 0x00,
	0xd8, 0x00, 0x00, 0x64, 0x00, 0x00, 0x00, 0x00, 0x00, 0x00, 0x00, 0x00,
	0x00, 0x00, 0x00, 0x00, 0x00, 0x00
};

#endif /* _AUTOSERVO_PARAM_H */
